Date;Open;High;Low;Close;Volume
2021-03-12 14:30:00;6.610000133514404;6.61899995803833;6.440000057220459;6.449999809265137;43900
2021-03-15 13:30:00;6.5;6.550000190734863;6.400000095367432;6.53000020980835;38300
2021-03-16 13:30:00;6.53000020980835;6.599999904632568;6.449999809265137;6.5;136700
2021-03-17 13:30:00;6.519999980926514;6.519999980926514;6.389999866485596;6.389999866485596;262500
2021-03-18 13:30:00;6.380000114440918;6.442999839782715;6.329999923706055;6.329999923706055;110300
2021-03-19 13:30:00;6.320000171661377;6.375;6.21999979019165;6.300000190734863;203200
2021-03-22 13:30:00;6.340000152587891;6.340000152587891;6.050000190734863;6.210000038146973;187800
2021-03-23 13:30:00;6.210000038146973;6.420000076293945;6.159999847412109;6.349999904632568;316300
2021-03-24 13:30:00;6.400000095367432;6.440000057220459;6.300000190734863;6.320000171661377;54200
2021-03-25 13:30:00;6.25;6.260000228881836;6.190000057220459;6.190000057220459;100400
2021-03-26 13:30:00;6.239999771118164;6.28000020980835;6.21999979019165;6.269999980926514;144000
2021-03-29 13:30:00;6.300000190734863;6.300000190734863;6.119999885559082;6.130000114440918;25400
2021-03-30 13:30:00;6.130000114440918;6.210000038146973;6.079999923706055;6.210000038146973;77800
2021-03-31 13:30:00;6.159999847412109;6.239999771118164;6.159999847412109;6.21999979019165;24400
2021-04-01 13:30:00;6.190000057220459;6.230999946594238;6.130000114440918;6.159999847412109;27500
2021-04-05 13:30:00;6.159999847412109;6.289999961853027;6.159999847412109;6.28000020980835;79100
2021-04-06 13:30:00;6.21999979019165;6.360000133514404;6.21999979019165;6.309999942779541;45800
2021-04-07 13:30:00;6.300000190734863;6.309999942779541;6.25;6.25;40700
2021-04-08 13:30:00;6.25;6.349999904632568;6.25;6.340000152587891;138100
2021-04-09 13:30:00;6.400000095367432;6.400000095367432;6.239999771118164;6.300000190734863;65500
2021-04-12 13:30:00;6.300000190734863;6.300000190734863;6.170000076293945;6.179999828338623;36800
2021-04-13 13:30:00;6.179999828338623;6.239999771118164;6.170000076293945;6.230000019073486;31800
2021-04-14 13:30:00;6.340000152587891;6.340000152587891;6.199999809265137;6.269999980926514;122600
2021-04-15 13:30:00;6.349999904632568;6.349999904632568;6.28000020980835;6.329999923706055;85100
2021-04-16 13:30:00;6.320000171661377;6.414999961853027;6.320000171661377;6.400000095367432;37100
2021-04-19 13:30:00;6.400000095367432;6.400000095367432;6.21999979019165;6.21999979019165;110700
2021-04-20 13:30:00;6.21999979019165;6.300000190734863;6.159999847412109;6.269999980926514;240900
2021-04-21 13:30:00;6.21999979019165;6.349999904632568;6.199999809265137;6.269999980926514;95400
2021-04-22 13:30:00;6.239999771118164;6.309999942779541;6.21999979019165;6.269999980926514;28900
2021-04-23 13:30:00;6.239999771118164;6.290999889373779;6.2179999351501465;6.25;67200
2021-04-26 13:30:00;6.210000038146973;6.28000020980835;6.199999809265137;6.269999980926514;92200
2021-04-27 13:30:00;6.309999942779541;6.309999942779541;6.21999979019165;6.269999980926514;186700
2021-04-28 13:30:00;6.239999771118164;6.264999866485596;6.099999904632568;6.139999866485596;462900
2021-04-29 13:30:00;6.139999866485596;6.190000057220459;6.059999942779541;6.059999942779541;59500
2021-04-30 13:30:00;6.059999942779541;6.059999942779541;5.889999866485596;5.920000076293945;75500
2021-05-03 13:30:00;5.960000038146973;5.980000019073486;5.544000148773193;5.599999904632568;282900
2021-05-04 13:30:00;5.75;5.840000152587891;5.329999923706055;5.380000114440918;145300
2021-05-05 13:30:00;5.349999904632568;5.581999778747559;5.349999904632568;5.460000038146973;372900
2021-05-06 13:30:00;5.449999809265137;5.644999980926514;5.449999809265137;5.559999942779541;212700
2021-05-07 13:30:00;5.739999771118164;5.75;5.570000171661377;5.71999979019165;96800
2021-05-10 13:30:00;5.769999980926514;5.980000019073486;5.71999979019165;5.96999979019165;65800
2021-05-11 13:30:00;5.869999885559082;5.96999979019165;5.860000133514404;5.869999885559082;135200
2021-05-12 13:30:00;5.849999904632568;5.900000095367432;5.769999980926514;5.800000190734863;125700
2021-05-13 13:30:00;5.769999980926514;5.900000095367432;5.769999980926514;5.860000133514404;29700
2021-05-14 13:30:00;5.929999828338623;6.019999980926514;5.860000133514404;6.010000228881836;40200
2021-05-17 13:30:00;6.010000228881836;6.010000228881836;5.809999942779541;5.849999904632568;52400
2021-05-18 13:30:00;5.900000095367432;6.010000228881836;5.800000190734863;5.889999866485596;71300
2021-05-19 13:30:00;5.860000133514404;5.96999979019165;5.829999923706055;5.849999904632568;32900
2021-05-20 13:30:00;5.840000152587891;5.840000152587891;5.570000171661377;5.809999942779541;170800
2021-05-21 13:30:00;5.829999923706055;5.889999866485596;5.824999809265137;5.869999885559082;39500
2021-05-24 13:30:00;5.889999866485596;5.889999866485596;5.75;5.769999980926514;22700
2021-05-25 13:30:00;5.840000152587891;5.840000152587891;5.639999866485596;5.71999979019165;43900
2021-05-26 13:30:00;5.760000228881836;5.760000228881836;5.610000133514404;5.699999809265137;26000
2021-05-27 13:30:00;5.630000114440918;5.989999771118164;5.619999885559082;5.989999771118164;102900
2021-05-28 13:30:00;5.869999885559082;5.869999885559082;5.769999980926514;5.78000020980835;51500
2021-06-01 13:30:00;5.820000171661377;5.929999828338623;5.7820000648498535;5.869999885559082;65300
2021-06-02 13:30:00;5.869999885559082;5.965000152587891;5.840000152587891;5.889999866485596;46100
2021-06-03 13:30:00;5.809999942779541;6.0;5.809999942779541;5.989999771118164;67300
2021-06-04 13:30:00;6.0;6.170000076293945;5.920000076293945;6.03000020980835;65200
2021-06-07 13:30:00;6.039999961853027;6.039999961853027;5.860000133514404;5.900000095367432;107100
2021-06-08 13:30:00;5.940000057220459;5.980000019073486;5.900000095367432;5.909999847412109;90100
2021-06-09 13:30:00;5.96999979019165;5.96999979019165;5.889999866485596;5.889999866485596;84700
2021-06-10 13:30:00;5.900000095367432;5.980000019073486;5.889999866485596;5.889999866485596;25400
2021-06-11 13:30:00;5.800000190734863;5.949999809265137;5.75;5.909999847412109;1480000
2021-06-14 13:30:00;5.960000038146973;5.964000225067139;5.820000171661377;5.840000152587891;50000
2021-06-15 13:30:00;5.849999904632568;5.849999904632568;5.699999809265137;5.849999904632568;377500
2021-06-16 13:30:00;5.849999904632568;5.960000038146973;5.800000190734863;5.949999809265137;391700
2021-06-17 13:30:00;5.940000057220459;5.988999843597412;5.769999980926514;5.800000190734863;226400
2021-06-18 13:30:00;5.739999771118164;6.059999942779541;5.710000038146973;5.769999980926514;97900
2021-06-21 13:30:00;5.739999771118164;5.809999942779541;5.71999979019165;5.71999979019165;109400
2021-06-22 13:30:00;5.71999979019165;5.809999942779541;5.590000152587891;5.630000114440918;184000
2021-06-23 13:30:00;5.659999847412109;5.840000152587891;5.659999847412109;5.71999979019165;99400
2021-06-24 13:30:00;5.699999809265137;5.860000133514404;5.699999809265137;5.800000190734863;59200
2021-06-25 13:30:00;5.880000114440918;5.909999847412109;5.769999980926514;5.909999847412109;84600
2021-06-28 13:30:00;5.929999828338623;5.942999839782715;5.769999980926514;5.849999904632568;143400
2021-06-29 13:30:00;5.829999923706055;5.860000133514404;5.679999828338623;5.679999828338623;49800
2021-06-30 13:30:00;5.670000076293945;5.75;5.670000076293945;5.699999809265137;27500
2021-07-01 13:30:00;5.699999809265137;5.760000228881836;5.650000095367432;5.659999847412109;32800
2021-07-02 13:30:00;5.670000076293945;5.809999942779541;5.650000095367432;5.739999771118164;202400
2021-07-06 13:30:00;5.769999980926514;5.769999980926514;5.650000095367432;5.679999828338623;111600
2021-07-07 13:30:00;5.679999828338623;5.699999809265137;5.610000133514404;5.639999866485596;28000
2021-07-08 13:30:00;5.570000171661377;5.659999847412109;5.540999889373779;5.619999885559082;100900
2021-07-09 13:30:00;5.639999866485596;5.710000038146973;5.639999866485596;5.659999847412109;189600
2021-07-12 13:30:00;5.650000095367432;5.769999980926514;5.639999866485596;5.769999980926514;70200
2021-07-13 13:30:00;5.760000228881836;5.78000020980835;5.71999979019165;5.75;70100
2021-07-14 13:30:00;5.75;5.789999961853027;5.71999979019165;5.730000019073486;150900
2021-07-15 13:30:00;5.699999809265137;5.744999885559082;5.599999904632568;5.610000133514404;44100
2021-07-16 13:30:00;5.650000095367432;5.679999828338623;5.559999942779541;5.559999942779541;30800
2021-07-19 13:30:00;5.460000038146973;5.559999942779541;5.429999828338623;5.429999828338623;51300
2021-07-20 13:30:00;5.480000019073486;5.539999961853027;5.429999828338623;5.489999771118164;24500
2021-07-21 13:30:00;5.480000019073486;5.550000190734863;5.46999979019165;5.489999771118164;46700
2021-07-22 13:30:00;5.489999771118164;5.510000228881836;5.199999809265137;5.309999942779541;120300
2021-07-23 13:30:00;5.380000114440918;5.480000019073486;5.320000171661377;5.380000114440918;102000
2021-07-26 13:30:00;5.380000114440918;5.409999847412109;5.329999923706055;5.369999885559082;45800
2021-07-27 13:30:00;5.329999923706055;5.400000095367432;5.230000019073486;5.230000019073486;59700
2021-07-28 13:30:00;5.28000020980835;5.369999885559082;5.25;5.289999961853027;68000
2021-07-29 13:30:00;5.269999980926514;5.380000114440918;5.269999980926514;5.320000171661377;120900
2021-07-30 13:30:00;5.320000171661377;5.320000171661377;5.21999979019165;5.21999979019165;27600
2021-08-02 13:30:00;5.260000228881836;5.300000190734863;5.190000057220459;5.210000038146973;41700
2021-08-03 13:30:00;5.230000019073486;5.260000228881836;5.150000095367432;5.159999847412109;97000
2021-08-04 13:30:00;5.159999847412109;5.21999979019165;5.159999847412109;5.190000057220459;180000
2021-08-05 13:30:00;5.349999904632568;5.349999904632568;5.170000076293945;5.179999828338623;65500
2021-08-06 13:30:00;5.159999847412109;5.190000057220459;5.079999923706055;5.110000133514404;195000
2021-08-09 13:30:00;5.110000133514404;5.150000095367432;5.070000171661377;5.150000095367432;47700
2021-08-10 13:30:00;5.25;5.320000171661377;5.119999885559082;5.159999847412109;89900
2021-08-11 13:30:00;5.210000038146973;5.210000038146973;5.144999980926514;5.179999828338623;365600
2021-08-12 13:30:00;5.269999980926514;5.360000133514404;5.269999980926514;5.289999961853027;1233400
2021-08-13 13:30:00;5.349999904632568;5.394999980926514;5.289999961853027;5.380000114440918;460200
2021-08-16 13:30:00;5.369999885559082;5.610000133514404;5.369999885559082;5.449999809265137;210100
2021-08-17 13:30:00;5.46999979019165;5.519999980926514;5.400000095367432;5.510000228881836;574100
2021-08-18 13:30:00;5.510000228881836;5.710000038146973;5.510000228881836;5.690000057220459;436900
2021-08-19 13:30:00;5.650000095367432;5.699999809265137;5.579999923706055;5.679999828338623;136000
2021-08-20 13:30:00;5.710000038146973;5.739999771118164;5.679999828338623;5.71999979019165;669500
2021-08-23 13:30:00;5.760000228881836;5.849999904632568;5.739999771118164;5.769999980926514;380600
2021-08-24 13:30:00;5.800000190734863;5.914999961853027;5.78000020980835;5.849999904632568;547700
2021-08-25 13:30:00;5.849999904632568;5.885000228881836;5.789999961853027;5.820000171661377;433200
2021-08-26 13:30:00;5.849999904632568;5.853000164031982;5.760000228881836;5.760000228881836;212000
2021-08-27 13:30:00;5.829999923706055;5.835000038146973;5.769999980926514;5.820000171661377;782000
2021-08-30 13:30:00;5.849999904632568;5.869999885559082;5.809999942779541;5.840000152587891;154000
2021-08-31 13:30:00;5.840000152587891;5.980000019073486;5.824999809265137;5.880000114440918;395700
2021-09-01 13:30:00;5.880000114440918;5.980000019073486;5.880000114440918;5.940000057220459;280400
2021-09-02 13:30:00;5.960000038146973;6.03000020980835;5.929999828338623;6.010000228881836;121700
2021-09-03 13:30:00;6.03000020980835;6.03000020980835;5.909999847412109;5.960000038146973;45400
2021-09-07 13:30:00;5.980000019073486;6.010000228881836;5.809999942779541;5.829999923706055;136900
2021-09-08 13:30:00;5.829999923706055;5.84499979019165;5.78000020980835;5.809999942779541;84500
2021-09-09 13:30:00;5.829999923706055;5.829999923706055;5.739999771118164;5.820000171661377;111900
2021-09-10 13:30:00;5.809999942779541;5.829999923706055;5.739999771118164;5.769999980926514;101600
2021-09-13 13:30:00;5.75;5.800000190734863;5.690000057220459;5.739999771118164;138800
2021-09-14 13:30:00;5.730000019073486;5.760000228881836;5.5;5.730000019073486;120500
2021-09-15 13:30:00;5.71999979019165;5.820000171661377;5.71999979019165;5.809999942779541;83200
2021-09-16 13:30:00;5.769999980926514;5.820000171661377;5.739999771118164;5.789999961853027;95700
2021-09-17 13:30:00;5.760000228881836;5.855999946594238;5.730000019073486;5.829999923706055;142500
2021-09-20 13:30:00;5.760000228881836;5.763000011444092;5.650000095367432;5.690000057220459;262700
2021-09-21 13:30:00;5.710000038146973;5.710000038146973;5.599999904632568;5.630000114440918;92400
2021-09-22 13:30:00;5.639999866485596;5.699999809265137;5.639999866485596;5.679999828338623;33600
2021-09-23 13:30:00;5.670000076293945;5.71999979019165;5.650000095367432;5.690000057220459;76800
2021-09-24 13:30:00;5.659999847412109;5.71999979019165;5.630000114440918;5.710000038146973;293400
2021-09-27 13:30:00;5.670000076293945;5.78000020980835;5.670000076293945;5.739999771118164;91800
2021-09-28 13:30:00;5.739999771118164;5.820000171661377;5.710000038146973;5.739999771118164;168400
2021-09-29 13:30:00;5.75;5.769999980926514;5.71999979019165;5.760000228881836;59600
2021-09-30 13:30:00;5.75;5.809999942779541;5.75;5.78000020980835;74300
2021-10-01 13:30:00;5.809999942779541;5.9039998054504395;5.809999942779541;5.869999885559082;212400
2021-10-04 13:30:00;5.900000095367432;5.920000076293945;5.840000152587891;5.869999885559082;571300
2021-10-05 13:30:00;5.869999885559082;5.929999828338623;5.820000171661377;5.929999828338623;372400
2021-10-06 13:30:00;5.920000076293945;5.920000076293945;5.840000152587891;5.900000095367432;167200
2021-10-07 13:30:00;5.940000057220459;6.039999961853027;5.880000114440918;5.989999771118164;74400
2021-10-08 13:30:00;6.0;6.03000020980835;5.960000038146973;6.019999980926514;51600
2021-10-11 13:30:00;6.010000228881836;6.070000171661377;5.989999771118164;5.989999771118164;97900
2021-10-12 13:30:00;6.010000228881836;6.019999980926514;5.949999809265137;6.0;122500
2021-10-13 13:30:00;5.989999771118164;6.0279998779296875;5.960000038146973;5.989999771118164;55700
2021-10-14 13:30:00;6.019999980926514;6.019999980926514;5.965000152587891;5.980000019073486;57700
2021-10-15 13:30:00;6.0;6.105000019073486;5.980000019073486;6.090000152587891;73100
2021-10-18 13:30:00;6.099999904632568;6.119999885559082;5.949999809265137;5.949999809265137;57600
2021-10-19 13:30:00;6.050000190734863;6.089000225067139;5.980000019073486;5.989999771118164;80300
2021-10-20 13:30:00;6.070000171661377;6.070000171661377;5.989999771118164;6.019999980926514;128500
2021-10-21 13:30:00;6.03000020980835;6.03000020980835;5.920000076293945;5.989999771118164;80400
2021-10-22 13:30:00;6.019999980926514;6.019999980926514;5.949999809265137;5.980000019073486;55400
2021-10-25 13:30:00;5.989999771118164;6.03000020980835;5.949999809265137;5.960000038146973;164600
2021-10-26 13:30:00;5.989999771118164;6.099999904632568;5.985000133514404;6.090000152587891;170600
2021-10-27 13:30:00;6.070000171661377;6.139999866485596;6.039999961853027;6.070000171661377;21300
2021-10-28 13:30:00;6.050000190734863;6.150000095367432;6.050000190734863;6.099999904632568;74500
2021-10-29 13:30:00;6.090000152587891;6.098999977111816;6.0;6.03000020980835;45100
2021-11-01 13:30:00;6.0;6.079999923706055;6.0;6.03000020980835;52300
2021-11-02 13:30:00;5.989999771118164;6.050000190734863;5.900000095367432;5.920000076293945;67300
2021-11-03 13:30:00;5.900000095367432;6.0;5.900000095367432;5.980000019073486;33800
2021-11-04 13:30:00;5.949999809265137;5.985000133514404;5.789999961853027;5.800000190734863;88600
2021-11-05 13:30:00;5.800000190734863;5.880000114440918;5.800000190734863;5.829999923706055;54200
2021-11-08 14:30:00;5.849999904632568;5.855999946594238;5.800000190734863;5.809999942779541;59500
2021-11-09 14:30:00;5.809999942779541;5.849999904632568;5.739999771118164;5.789999961853027;58300
2021-11-10 14:30:00;5.789999961853027;5.789999961853027;5.659999847412109;5.659999847412109;55700
2021-11-11 14:30:00;5.690000057220459;5.730000019073486;5.610000133514404;5.610000133514404;134000
2021-11-12 14:30:00;5.619999885559082;5.679999828338623;5.619999885559082;5.639999866485596;34600
2021-11-15 14:30:00;5.639999866485596;5.639999866485596;5.449999809265137;5.53000020980835;126200
2021-11-16 14:30:00;5.550000190734863;5.635000228881836;5.449999809265137;5.46999979019165;281700
2021-11-17 14:30:00;5.480000019073486;5.5;5.349999904632568;5.420000076293945;120900
2021-11-18 14:30:00;5.539999961853027;5.570000171661377;5.400000095367432;5.449999809265137;296000
2021-11-19 14:30:00;5.400000095367432;5.449999809265137;5.329999923706055;5.329999923706055;262800
2021-11-22 14:30:00;5.389999866485596;5.440000057220459;5.199999809265137;5.21999979019165;130100
2021-11-23 14:30:00;5.269999980926514;5.289999961853027;5.170000076293945;5.179999828338623;95100
2021-11-24 14:30:00;5.170000076293945;5.179999828338623;5.119999885559082;5.159999847412109;86500
2021-11-26 14:30:00;5.150000095367432;5.170000076293945;5.079999923706055;5.159999847412109;77800
2021-11-29 14:30:00;5.170000076293945;5.210000038146973;5.139999866485596;5.159999847412109;142800
2021-11-30 14:30:00;5.139999866485596;5.349999904632568;5.099999904632568;5.340000152587891;243200
2021-12-01 14:30:00;5.380000114440918;5.480000019073486;5.260000228881836;5.269999980926514;141100
2021-12-02 14:30:00;5.300000190734863;5.400000095367432;5.289999961853027;5.369999885559082;118800
2021-12-03 14:30:00;5.409999847412109;5.460000038146973;5.360000133514404;5.429999828338623;107400
2021-12-06 14:30:00;5.5;5.570000171661377;5.380000114440918;5.5;85100
2021-12-07 14:30:00;5.619999885559082;5.619999885559082;5.449999809265137;5.480000019073486;71800
2021-12-08 14:30:00;5.480000019073486;5.480000019073486;5.360000133514404;5.400000095367432;56900
2021-12-09 14:30:00;5.400000095367432;5.449999809265137;5.360000133514404;5.400000095367432;129000
2021-12-10 14:30:00;5.420000076293945;5.420000076293945;5.329999923706055;5.380000114440918;45300
2021-12-13 14:30:00;5.369999885559082;5.400000095367432;5.309999942779541;5.320000171661377;59300
2021-12-14 14:30:00;5.300000190734863;5.34499979019165;5.170000076293945;5.199999809265137;132900
2021-12-15 14:30:00;5.190000057220459;5.239999771118164;5.150000095367432;5.159999847412109;86600
2021-12-16 14:30:00;5.190000057220459;5.429999828338623;5.179999828338623;5.340000152587891;143300
2021-12-17 14:30:00;5.340000152587891;5.340000152587891;5.210000038146973;5.239999771118164;122500
2021-12-20 14:30:00;5.179999828338623;5.179999828338623;5.079999923706055;5.110000133514404;141200
2021-12-21 14:30:00;5.119999885559082;5.25;5.070000171661377;5.210000038146973;161300
2021-12-22 14:30:00;5.110000133514404;5.230000019073486;5.110000133514404;5.179999828338623;62100
2021-12-23 14:30:00;5.190000057220459;5.291999816894531;5.179999828338623;5.239999771118164;55400
2021-12-27 14:30:00;5.28000020980835;5.28000020980835;5.2129998207092285;5.25;50500
2021-12-28 14:30:00;5.21999979019165;5.265999794006348;5.210000038146973;5.230000019073486;46800
2021-12-29 14:30:00;5.260000228881836;5.269999980926514;5.190000057220459;5.199999809265137;39100
2021-12-30 14:30:00;5.199999809265137;5.258999824523926;5.170000076293945;5.170000076293945;97600
2021-12-31 14:30:00;5.199999809265137;5.210000038146973;5.070000171661377;5.110000133514404;63400
2022-01-03 14:30:00;5.150000095367432;5.202000141143799;5.050000190734863;5.139999866485596;85500
2022-01-04 14:30:00;5.199999809265137;5.21999979019165;5.119999885559082;5.190000057220459;38700
2022-01-05 14:30:00;5.170000076293945;5.239999771118164;5.150000095367432;5.159999847412109;37100
2022-01-06 14:30:00;5.28000020980835;5.28000020980835;5.079999923706055;5.130000114440918;88900
2022-01-07 14:30:00;5.119999885559082;5.159999847412109;5.070000171661377;5.110000133514404;60200
2022-01-10 14:30:00;5.139999866485596;5.139999866485596;5.070000171661377;5.099999904632568;73000
2022-01-11 14:30:00;5.119999885559082;5.199999809265137;5.099999904632568;5.199999809265137;112100
2022-01-12 14:30:00;5.190000057220459;5.269999980926514;5.190000057220459;5.260000228881836;130200
2022-01-13 14:30:00;5.28000020980835;5.420000076293945;5.28000020980835;5.409999847412109;233700
2022-01-14 14:30:00;5.429999828338623;5.429999828338623;5.309999942779541;5.389999866485596;84700
2022-01-18 14:30:00;5.579999923706055;5.670000076293945;5.519999980926514;5.599999904632568;193400
2022-01-19 14:30:00;5.590000152587891;5.679999828338623;5.590000152587891;5.670000076293945;58600
2022-01-20 14:30:00;5.679999828338623;5.690000057220459;5.610000133514404;5.610000133514404;55400
2022-01-21 14:30:00;5.619999885559082;5.630000114440918;5.519999980926514;5.579999923706055;76800
2022-01-24 14:30:00;5.519999980926514;5.550000190734863;5.429999828338623;5.46999979019165;83600
2022-01-25 14:30:00;5.429999828338623;5.539999961853027;5.429999828338623;5.510000228881836;129500
2022-01-26 14:30:00;5.789999961853027;5.789999961853027;5.585000038146973;5.659999847412109;356500
2022-01-27 14:30:00;5.639999866485596;5.670000076293945;5.599999904632568;5.599999904632568;93500
2022-01-28 14:30:00;5.610000133514404;5.630000114440918;5.53000020980835;5.619999885559082;33300
2022-01-31 14:30:00;5.605000019073486;5.758999824523926;5.590000152587891;5.699999809265137;168400
2022-02-01 14:30:00;5.690000057220459;5.75;5.5;5.539999961853027;107700
2022-02-02 14:30:00;5.599999904632568;5.619999885559082;5.53000020980835;5.599999904632568;29500
2022-02-03 14:30:00;5.559999942779541;5.579999923706055;5.5;5.570000171661377;41500
2022-02-04 14:30:00;5.579999923706055;5.579999923706055;5.5;5.53000020980835;26500
2022-02-07 14:30:00;5.590000152587891;5.590000152587891;5.480000019073486;5.519999980926514;89900
2022-02-08 14:30:00;5.5;5.510000228881836;5.46999979019165;5.510000228881836;46800
2022-02-09 14:30:00;5.519999980926514;5.570000171661377;5.409999847412109;5.420000076293945;40400
2022-02-10 14:30:00;5.409999847412109;5.550000190734863;5.409999847412109;5.440000057220459;51100
2022-02-11 14:30:00;5.480000019073486;5.53000020980835;5.409999847412109;5.440000057220459;48100
2022-02-14 14:30:00;5.409999847412109;5.440000057220459;5.309999942779541;5.329999923706055;38200
2022-02-15 14:30:00;5.309999942779541;5.420000076293945;5.309999942779541;5.400000095367432;92400
2022-02-16 14:30:00;5.360000133514404;5.510000228881836;5.340000152587891;5.46999979019165;51900
2022-02-17 14:30:00;5.480000019073486;5.489999771118164;5.409999847412109;5.440000057220459;29100
2022-02-18 14:30:00;5.409999847412109;5.489999771118164;5.380000114440918;5.429999828338623;39200
2022-02-22 14:30:00;5.389999866485596;5.510000228881836;5.340000152587891;5.409999847412109;42900
2022-02-23 14:30:00;5.400000095367432;5.5;5.400000095367432;5.440000057220459;36300
2022-02-24 14:30:00;5.400000095367432;5.429999828338623;5.25;5.349999904632568;90900
2022-02-25 14:30:00;5.349999904632568;5.460000038146973;5.349999904632568;5.449999809265137;45500
2022-02-28 14:30:00;5.389999866485596;5.420000076293945;5.309999942779541;5.369999885559082;72100
2022-03-01 14:30:00;5.360000133514404;5.420000076293945;5.320000171661377;5.320000171661377;89600
2022-03-02 14:30:00;5.349999904632568;5.489999771118164;5.349999904632568;5.480000019073486;64200
2022-03-03 14:30:00;5.5;5.75;5.5;5.710000038146973;108400
2022-03-04 14:30:00;5.699999809265137;5.699999809265137;5.510000228881836;5.519999980926514;46100
2022-03-07 14:30:00;5.53000020980835;5.559999942779541;5.429999828338623;5.460000038146973;35000
2022-03-08 14:30:00;5.480000019073486;5.590000152587891;5.480000019073486;5.53000020980835;47200
2022-03-09 14:30:00;5.610000133514404;5.630000114440918;5.53000020980835;5.550000190734863;45900
2022-03-10 14:30:00;5.550000190734863;5.550000190734863;5.329999923706055;5.400000095367432;46300
2022-03-11 14:30:00;5.389999866485596;5.429999828338623;5.349999904632568;5.400000095367432;51300
2022-03-14 13:30:00;5.440000057220459;5.519999980926514;5.369999885559082;5.389999866485596;23100
2022-03-15 13:30:00;5.389999866485596;5.389999866485596;5.269999980926514;5.340000152587891;48200
2022-03-16 13:30:00;5.349999904632568;5.349999904632568;5.239999771118164;5.269999980926514;84700
2022-03-17 13:30:00;5.300000190734863;5.353000164031982;5.210000038146973;5.239999771118164;78900
2022-03-18 13:30:00;5.239999771118164;5.269999980926514;5.139999866485596;5.159999847412109;206800
2022-03-21 13:30:00;5.130000114440918;5.210000038146973;5.130000114440918;5.159999847412109;35000
2022-03-22 13:30:00;5.170000076293945;5.440000057220459;5.170000076293945;5.369999885559082;417700
2022-03-23 13:30:00;5.300000190734863;5.460000038146973;5.300000190734863;5.400000095367432;247600
2022-03-24 13:30:00;5.389999866485596;5.429999828338623;5.119999885559082;5.239999771118164;248900
2022-03-25 13:30:00;5.239999771118164;5.297999858856201;5.199999809265137;5.28000020980835;29000
2022-03-28 13:30:00;5.300000190734863;5.300000190734863;5.230000019073486;5.25;30700
2022-03-29 13:30:00;5.260000228881836;5.28000020980835;4.429999828338623;4.579999923706055;1305800
2022-03-30 13:30:00;4.489999771118164;4.699999809265137;4.440000057220459;4.590000152587891;513300
2022-03-31 13:30:00;4.610000133514404;4.630000114440918;4.510000228881836;4.550000190734863;184900
2022-04-01 13:30:00;4.550000190734863;4.619999885559082;4.5;4.619999885559082;116400
2022-04-04 13:30:00;4.650000095367432;4.670000076293945;4.590000152587891;4.670000076293945;104900
2022-04-05 13:30:00;4.679999828338623;4.679999828338623;4.559999942779541;4.579999923706055;74300
2022-04-06 13:30:00;4.590000152587891;4.599999904632568;4.53000020980835;4.550000190734863;57300
2022-04-07 13:30:00;4.510000228881836;4.570000171661377;4.460000038146973;4.559999942779541;262300
2022-04-08 13:30:00;4.53000020980835;4.579999923706055;4.460000038146973;4.519999980926514;129900
2022-04-11 13:30:00;4.570000171661377;4.579999923706055;4.489999771118164;4.53000020980835;135500
2022-04-12 13:30:00;4.53000020980835;4.570000171661377;4.46999979019165;4.5;71100
2022-04-13 13:30:00;4.460000038146973;4.46999979019165;4.429999828338623;4.449999809265137;74300
2022-04-14 13:30:00;4.420000076293945;4.429999828338623;4.300000190734863;4.360000133514404;124700
2022-04-18 13:30:00;4.380000114440918;4.480000019073486;4.380000114440918;4.380000114440918;101100
2022-04-19 13:30:00;4.380000114440918;4.380000114440918;4.28000020980835;4.289999961853027;97100
2022-04-20 13:30:00;4.289999961853027;4.368000030517578;4.210000038146973;4.300000190734863;89200
2022-04-21 13:30:00;4.210000038146973;4.340000152587891;4.210000038146973;4.260000228881836;117500
2022-04-22 13:30:00;4.239999771118164;4.25;4.184999942779541;4.199999809265137;467300
2022-04-25 13:30:00;4.199999809265137;4.199999809265137;4.090000152587891;4.139999866485596;161500
2022-04-26 13:30:00;4.119999885559082;4.199999809265137;4.099999904632568;4.159999847412109;157600
2022-04-27 13:30:00;4.139999866485596;4.239999771118164;4.130000114440918;4.179999828338623;123800
2022-04-28 13:30:00;4.210000038146973;4.21999979019165;4.150000095367432;4.190000057220459;54200
2022-04-29 13:30:00;4.150000095367432;4.230000019073486;4.150000095367432;4.179999828338623;206500
2022-05-02 13:30:00;4.190000057220459;4.190000057220459;4.070000171661377;4.079999923706055;43300
2022-05-03 13:30:00;4.070000171661377;4.090000152587891;3.9700000286102295;4.050000190734863;142200
2022-05-04 13:30:00;4.070000171661377;4.079999923706055;4.019999980926514;4.019999980926514;162200
2022-05-05 13:30:00;4.010000228881836;4.010000228881836;3.930000066757202;3.950000047683716;67100
2022-05-06 13:30:00;3.930000066757202;4.019999980926514;3.930000066757202;3.9800000190734863;117000
2022-05-09 13:30:00;3.9700000286102295;3.9700000286102295;3.859999895095825;3.859999895095825;137900
2022-05-10 13:30:00;3.890000104904175;3.940000057220459;3.869999885559082;3.930000066757202;102800
2022-05-11 13:30:00;3.9100000858306885;4.0;3.9100000858306885;3.940000057220459;58500
2022-05-12 13:30:00;3.9200000762939453;3.9800000190734863;3.890000104904175;3.940000057220459;100500
2022-05-13 13:30:00;3.990000009536743;3.990000009536743;3.9200000762939453;3.950000047683716;80700
2022-05-16 13:30:00;3.940000057220459;4.03000020980835;3.940000057220459;4.010000228881836;421100
2022-05-17 13:30:00;4.03000020980835;4.114999771118164;4.019999980926514;4.079999923706055;176100
2022-05-18 13:30:00;4.070000171661377;4.119999885559082;3.9800000190734863;3.9800000190734863;33600
2022-05-19 13:30:00;4.03000020980835;4.034999847412109;3.9700000286102295;4.019999980926514;49400
2022-05-20 13:30:00;4.03000020980835;4.059999942779541;4.010000228881836;4.059999942779541;76500
2022-05-23 13:30:00;4.099999904632568;4.110000133514404;4.019999980926514;4.059999942779541;73300
2022-05-24 13:30:00;4.079999923706055;4.150000095367432;3.940000057220459;4.119999885559082;124900
2022-05-25 13:30:00;4.119999885559082;4.119999885559082;3.9700000286102295;4.070000171661377;86300
2022-05-26 13:30:00;4.090000152587891;4.090000152587891;3.990000009536743;4.059999942779541;244800
2022-05-27 13:30:00;4.090000152587891;4.320000171661377;4.0;4.230000019073486;431300
2022-05-31 13:30:00;4.800000190734863;4.929999828338623;4.599999904632568;4.909999847412109;1062500
2022-06-01 13:30:00;4.639999866485596;4.639999866485596;4.323999881744385;4.389999866485596;192300
2022-06-02 13:30:00;4.400000095367432;4.519999980926514;4.349999904632568;4.510000228881836;194300
2022-06-03 13:30:00;4.5;4.5;4.440000057220459;4.480000019073486;87300
2022-06-06 13:30:00;4.420000076293945;4.489999771118164;4.380000114440918;4.429999828338623;112700
2022-06-07 13:30:00;4.449999809265137;4.559999942779541;4.431000232696533;4.53000020980835;140900
2022-06-08 13:30:00;4.579999923706055;4.598999977111816;4.389999866485596;4.420000076293945;147300
2022-06-09 13:30:00;4.429999828338623;4.429999828338623;4.285999774932861;4.289999961853027;36300
2022-06-10 13:30:00;4.25;4.284999847412109;4.179999828338623;4.199999809265137;67900
2022-06-13 13:30:00;4.150000095367432;4.1539998054504395;3.9830000400543213;4.079999923706055;83100
2022-06-14 13:30:00;4.139999866485596;4.139999866485596;4.010000228881836;4.050000190734863;53000
2022-06-15 13:30:00;4.010000228881836;4.170000076293945;4.010000228881836;4.150000095367432;64400
2022-06-16 13:30:00;4.070000171661377;4.070000171661377;3.869999885559082;4.039999961853027;113700
2022-06-17 13:30:00;4.0;4.068999767303467;3.9800000190734863;4.010000228881836;110600
2022-06-21 13:30:00;3.7699999809265137;3.930000066757202;3.5999999046325684;3.8299999237060547;308700
2022-06-22 13:30:00;3.819999933242798;3.880000114440918;3.7899999618530273;3.8299999237060547;46900
2022-06-23 13:30:00;3.859999895095825;3.859999895095825;3.559999942779541;3.5999999046325684;196300
2022-06-24 13:30:00;3.640000104904175;3.7200000286102295;3.549999952316284;3.700000047683716;115000
2022-06-27 13:30:00;3.680000066757202;3.7899999618530273;3.640000104904175;3.700000047683716;59500
2022-06-28 13:30:00;3.700000047683716;3.7799999713897705;3.640000104904175;3.640000104904175;78000
2022-06-29 13:30:00;3.6700000762939453;3.690000057220459;3.5;3.5399999618530273;245800
2022-06-30 13:30:00;3.5399999618530273;3.63100004196167;3.5299999713897705;3.549999952316284;126600
2022-07-01 13:30:00;3.569999933242798;3.569999933242798;3.4700000286102295;3.5299999713897705;91600
2022-07-05 13:30:00;3.490000009536743;3.559999942779541;3.440000057220459;3.5399999618530273;70800
2022-07-06 13:30:00;3.4800000190734863;3.5399999618530273;3.4000000953674316;3.4700000286102295;86200
2022-07-07 13:30:00;3.490000009536743;3.559999942779541;3.450000047683716;3.4700000286102295;48200
2022-07-08 13:30:00;3.4800000190734863;3.5179998874664307;3.430000066757202;3.450000047683716;75000
2022-07-11 13:30:00;3.4600000381469727;3.5899999141693115;3.380000114440918;3.5299999713897705;321000
2022-07-12 13:30:00;3.4700000286102295;3.4700000286102295;3.3399999141693115;3.390000104904175;116500
2022-07-13 13:30:00;3.4100000858306885;3.4100000858306885;3.2899999618530273;3.3499999046325684;100500
2022-07-14 13:30:00;3.3299999237060547;3.3299999237060547;3.240000009536743;3.259999990463257;95600
2022-07-15 13:30:00;3.2899999618530273;3.359999895095825;3.2699999809265137;3.309999942779541;49200
2022-07-18 13:30:00;3.359999895095825;3.490000009536743;3.359999895095825;3.390000104904175;47700
2022-07-19 13:30:00;3.4100000858306885;3.4700000286102295;3.365000009536743;3.440000057220459;97200
2022-07-20 13:30:00;3.4800000190734863;3.630000114440918;3.380000114440918;3.569999933242798;276500
2022-07-21 13:30:00;3.569999933242798;3.569999933242798;3.3959999084472656;3.490000009536743;222000
2022-07-22 13:30:00;3.5299999713897705;3.5299999713897705;3.359999895095825;3.430000066757202;184600
2022-07-25 13:30:00;3.450000047683716;3.4800000190734863;3.319999933242798;3.4600000381469727;117700
2022-07-26 13:30:00;3.450000047683716;3.5199999809265137;3.440000057220459;3.509999990463257;105600
2022-07-27 13:30:00;3.549999952316284;3.549999952316284;3.450000047683716;3.5;55600
2022-07-28 13:30:00;3.5399999618530273;3.5799999237060547;3.450000047683716;3.5799999237060547;60200
2022-07-29 13:30:00;3.5899999141693115;3.619999885559082;3.5199999809265137;3.569999933242798;53300
2022-08-01 13:30:00;3.559999942779541;3.5810000896453857;3.430000066757202;3.5;104800
2022-08-02 13:30:00;3.5299999713897705;3.5299999713897705;3.4000000953674316;3.440000057220459;65800
2022-08-03 13:30:00;3.490000009536743;3.490000009536743;3.3499999046325684;3.4200000762939453;60100
2022-08-04 13:30:00;3.390000104904175;3.4600000381469727;3.359999895095825;3.390000104904175;74900
2022-08-05 13:30:00;3.4200000762939453;3.4200000762939453;3.3499999046325684;3.4000000953674316;21900
2022-08-08 13:30:00;3.450000047683716;3.5799999237060547;3.427000045776367;3.559999942779541;63000
2022-08-09 13:30:00;3.509999990463257;3.630000114440918;3.509999990463257;3.5399999618530273;41100
2022-08-10 13:30:00;3.549999952316284;3.630000114440918;3.5399999618530273;3.630000114440918;41200
2022-08-11 13:30:00;3.680000066757202;3.700000047683716;3.5199999809265137;3.5799999237060547;48800
2022-08-12 13:30:00;3.630000114440918;3.630000114440918;3.369999885559082;3.5;303200
2022-08-15 13:30:00;3.430000066757202;3.549999952316284;3.0999999046325684;3.359999895095825;262800
2022-08-16 13:30:00;3.3299999237060547;3.4800000190734863;3.299999952316284;3.3499999046325684;419100
2022-08-17 13:30:00;3.299999952316284;3.390000104904175;3.2799999713897705;3.390000104904175;115600
2022-08-18 13:30:00;3.4000000953674316;3.4000000953674316;3.299999952316284;3.369999885559082;63100
2022-08-19 13:30:00;3.369999885559082;3.4100000858306885;3.25;3.3499999046325684;100200
2022-08-22 13:30:00;3.3299999237060547;3.3299999237060547;3.200000047683716;3.25;52100
2022-08-23 13:30:00;3.2699999809265137;3.2899999618530273;3.200000047683716;3.2699999809265137;54300
2022-08-24 13:30:00;3.25;3.2699999809265137;3.200000047683716;3.200000047683716;53300
2022-08-25 13:30:00;3.200000047683716;3.2899999618530273;3.0999999046325684;3.0999999046325684;185200
2022-08-26 13:30:00;3.180000066757202;3.180000066757202;3.059999942779541;3.0999999046325684;100100
2022-08-29 13:30:00;3.0799999237060547;3.1500000953674316;3.0399999618530273;3.0899999141693115;181500
2022-08-30 13:30:00;3.0999999046325684;3.119999885559082;2.9800000190734863;3.0299999713897705;104000
2022-08-31 13:30:00;3.059999942779541;3.059999942779541;2.9000000953674316;2.9100000858306885;123200
2022-09-01 13:30:00;2.930000066757202;2.9800000190734863;2.8399999141693115;2.880000114440918;73700
2022-09-02 13:30:00;2.880000114440918;2.940000057220459;2.819999933242798;2.9000000953674316;129600
2022-09-06 13:30:00;2.9000000953674316;2.950000047683716;2.8299999237060547;2.930000066757202;242700
2022-09-07 13:30:00;2.930000066757202;2.990000009536743;2.8499999046325684;2.930000066757202;164800
2022-09-08 13:30:00;2.930000066757202;2.934999942779541;2.819999933242798;2.819999933242798;423200
2022-09-09 13:30:00;2.859999895095825;2.9749999046325684;2.8399999141693115;2.950000047683716;102800
2022-09-12 13:30:00;2.9800000190734863;3.0220000743865967;2.890000104904175;2.9700000286102295;135600
2022-09-13 13:30:00;2.9700000286102295;2.9700000286102295;2.8499999046325684;2.890000104904175;47800
2022-09-14 13:30:00;2.9100000858306885;2.9100000858306885;2.809999942779541;2.8299999237060547;53900
2022-09-15 13:30:00;2.809999942779541;2.9200000762939453;2.7899999618530273;2.819999933242798;67800
2022-09-16 13:30:00;2.809999942779541;2.869999885559082;2.75;2.8399999141693115;93400
2022-09-19 13:30:00;2.8299999237060547;2.940000057220459;2.8299999237060547;2.940000057220459;76300
2022-09-20 13:30:00;2.9100000858306885;2.940000057220459;2.8499999046325684;2.9000000953674316;130100
2022-09-21 13:30:00;2.9200000762939453;2.9800000190734863;2.9100000858306885;2.9600000381469727;71100
2022-09-22 13:30:00;2.940000057220459;2.9800000190734863;2.819999933242798;2.930000066757202;161100
2022-09-23 13:30:00;2.9000000953674316;2.9000000953674316;2.700000047683716;2.700000047683716;175200
2022-09-26 13:30:00;2.680000066757202;2.740000009536743;2.5899999141693115;2.5899999141693115;127200
2022-09-27 13:30:00;2.609999895095825;2.6519999504089355;2.569999933242798;2.630000114440918;63900
2022-09-28 13:30:00;2.6600000858306885;2.6600000858306885;2.569999933242798;2.630000114440918;199700
2022-09-29 13:30:00;2.619999885559082;2.6600000858306885;2.515000104904175;2.559999942779541;108700
2022-09-30 13:30:00;2.5399999618530273;2.618000030517578;2.430000066757202;2.4600000381469727;100200
2022-10-03 13:30:00;2.5;2.609999895095825;2.5;2.5999999046325684;61600
2022-10-04 13:30:00;2.5999999046325684;2.7100000381469727;2.5999999046325684;2.6700000762939453;169000
2022-10-05 13:30:00;2.619999885559082;2.6700000762939453;2.5999999046325684;2.619999885559082;47000
2022-10-06 13:30:00;2.5999999046325684;2.609999895095825;2.5199999809265137;2.5399999618530273;121200
2022-10-07 13:30:00;2.509999990463257;2.559999942779541;2.4600000381469727;2.4800000190734863;122200
2022-10-10 13:30:00;2.490000009536743;2.5399999618530273;2.430999994277954;2.440000057220459;77000
2022-10-11 13:30:00;2.440000057220459;2.4590001106262207;2.390000104904175;2.4000000953674316;44100
2022-10-12 13:30:00;2.4100000858306885;2.490000009536743;2.359999895095825;2.359999895095825;47200
2022-10-13 13:30:00;2.3499999046325684;2.440000057220459;2.3299999237060547;2.4000000953674316;90100
2022-10-14 13:30:00;2.4000000953674316;2.4100000858306885;2.299999952316284;2.359999895095825;43500
2022-10-17 13:30:00;2.380000114440918;2.490000009536743;2.3559999465942383;2.430000066757202;173000
2022-10-18 13:30:00;2.4600000381469727;2.4700000286102295;2.359999895095825;2.384999990463257;170000
2022-10-19 13:30:00;2.390000104904175;2.4100000858306885;2.3299999237060547;2.390000104904175;33900
2022-10-20 13:30:00;2.369999885559082;2.380000114440918;2.309999942779541;2.3499999046325684;82500
2022-10-21 13:30:00;2.359999895095825;2.359999895095825;2.2899999618530273;2.299999952316284;118300
2022-10-24 13:30:00;2.309999942779541;2.3380000591278076;2.2300000190734863;2.2899999618530273;129300
2022-10-25 13:30:00;2.299999952316284;2.299999952316284;2.240000009536743;2.25;130800
2022-10-26 13:30:00;2.2799999713897705;2.3499999046325684;2.2699999809265137;2.309999942779541;55400
2022-10-27 13:30:00;2.369999885559082;2.369999885559082;2.2300000190734863;2.240000009536743;179700
2022-10-28 13:30:00;2.2200000286102295;2.265000104904175;2.200000047683716;2.2300000190734863;226100
2022-10-31 13:30:00;2.259999990463257;2.2890000343322754;2.1600000858306885;2.2200000286102295;197600
2022-11-01 13:30:00;2.25;2.2899999618530273;2.180000066757202;2.190000057220459;144200
2022-11-02 13:30:00;2.200000047683716;2.2200000286102295;2.069999933242798;2.140000104904175;278800
2022-11-03 13:30:00;2.0399999618530273;2.1600000858306885;1.9600000381469727;2.109999895095825;192900
2022-11-04 13:30:00;2.140000104904175;2.1610000133514404;2.0799999237060547;2.0799999237060547;152400
2022-11-07 14:30:00;2.119999885559082;2.1700000762939453;2.0899999141693115;2.140000104904175;264500
2022-11-08 14:30:00;2.1500000953674316;2.190000057220459;2.130000114440918;2.180000066757202;209200
2022-11-09 14:30:00;2.180000066757202;2.2200000286102295;2.1700000762939453;2.2100000381469727;89800
2022-11-10 14:30:00;2.240000009536743;2.2899999618530273;2.2100000381469727;2.2100000381469727;285700
2022-11-11 14:30:00;2.25;2.3399999141693115;2.240999937057495;2.319999933242798;131100
2022-11-14 14:30:00;2.359999895095825;2.359999895095825;2.2300000190734863;2.309999942779541;106100
2022-11-15 14:30:00;2.4100000858306885;2.4100000858306885;2.3010001182556152;2.309999942779541;209700
2022-11-16 14:30:00;2.369999885559082;2.369999885559082;2.240000009536743;2.2799999713897705;95300
2022-11-17 14:30:00;2.259999990463257;2.259999990463257;2.109999895095825;2.109999895095825;190500
2022-11-18 14:30:00;2.0999999046325684;2.1700000762939453;2.0899999141693115;2.1500000953674316;133400
2022-11-21 14:30:00;2.1700000762939453;2.200000047683716;2.119999885559082;2.1700000762939453;162400
2022-11-22 14:30:00;2.1500000953674316;2.3399999141693115;2.1500000953674316;2.299999952316284;144400
2022-11-23 14:30:00;2.299999952316284;2.4000000953674316;2.2890000343322754;2.359999895095825;70000
2022-11-25 14:30:00;2.390000104904175;2.390000104904175;2.309999942779541;2.359999895095825;32000
2022-11-28 14:30:00;2.319999933242798;2.3980000019073486;2.2300000190734863;2.2300000190734863;119800
2022-11-29 14:30:00;2.240000009536743;2.3299999237060547;2.240000009536743;2.3299999237060547;97600
2022-11-30 14:30:00;2.3299999237060547;2.369999885559082;2.309999942779541;2.3499999046325684;76300
2022-12-01 14:30:00;2.369999885559082;2.390000104904175;2.2799999713897705;2.299999952316284;87300
2022-12-02 14:30:00;2.2799999713897705;2.3399999141693115;2.259999990463257;2.3299999237060547;65000
2022-12-05 14:30:00;2.3299999237060547;2.3299999237060547;2.180000066757202;2.240000009536743;108400
2022-12-06 14:30:00;2.240000009536743;2.2799999713897705;2.1500000953674316;2.240000009536743;89400
2022-12-07 14:30:00;2.240000009536743;2.369999885559082;2.240000009536743;2.2699999809265137;125200
2022-12-08 14:30:00;2.299999952316284;2.319999933242798;2.1500000953674316;2.2699999809265137;155600
2022-12-09 14:30:00;2.2699999809265137;2.3499999046325684;2.259999990463257;2.3499999046325684;144800
2022-12-12 14:30:00;2.4000000953674316;2.4000000953674316;2.2699999809265137;2.3299999237060547;139600
2022-12-13 14:30:00;2.3299999237060547;2.369999885559082;2.2960000038146973;2.319999933242798;95100
2022-12-14 14:30:00;2.309999942779541;2.369999885559082;2.2899999618530273;2.3299999237060547;204000
2022-12-15 14:30:00;2.299999952316284;2.3380000591278076;2.259999990463257;2.309999942779541;105800
2022-12-16 14:30:00;2.299999952316284;2.3399999141693115;2.190000057220459;2.200000047683716;234100
2022-12-19 14:30:00;2.2100000381469727;2.299999952316284;2.1700000762939453;2.2100000381469727;129200
2022-12-20 14:30:00;2.2300000190734863;2.319999933242798;2.2300000190734863;2.299999952316284;103100
2022-12-21 14:30:00;2.299999952316284;2.3499999046325684;2.2899999618530273;2.319999933242798;188500
2022-12-22 14:30:00;2.299999952316284;2.3499999046325684;2.299999952316284;2.309999942779541;89200
2022-12-23 14:30:00;2.2799999713897705;2.359999895095825;2.2799999713897705;2.3299999237060547;57800
2022-12-27 14:30:00;2.3399999141693115;2.390000104904175;2.309999942779541;2.369999885559082;78800
2022-12-28 14:30:00;2.359999895095825;2.430999994277954;2.319999933242798;2.359999895095825;185900
2022-12-29 14:30:00;2.369999885559082;2.559999942779541;2.3399999141693115;2.4000000953674316;708300
2022-12-30 14:30:00;2.380000114440918;2.559999942779541;2.380000114440918;2.5299999713897705;150200
2023-01-03 14:30:00;2.559999942779541;2.559999942779541;2.4000000953674316;2.440000057220459;241500
2023-01-04 14:30:00;2.440000057220459;2.4700000286102295;2.390000104904175;2.450000047683716;159800
2023-01-05 14:30:00;2.4200000762939453;2.430000066757202;2.3499999046325684;2.390000104904175;73900
2023-01-06 14:30:00;2.4100000858306885;2.4100000858306885;2.3499999046325684;2.369999885559082;67100
2023-01-09 14:30:00;2.380000114440918;2.390000104904175;2.3299999237060547;2.3499999046325684;113800
2023-01-10 14:30:00;2.2899999618530273;2.4000000953674316;2.2899999618530273;2.380000114440918;87300
2023-01-11 14:30:00;2.4000000953674316;2.4200000762939453;2.359999895095825;2.380000114440918;67600
2023-01-12 14:30:00;2.380000114440918;2.4700000286102295;2.380000114440918;2.450000047683716;117100
2023-01-13 14:30:00;2.450000047683716;2.5;2.450000047683716;2.4600000381469727;64000
2023-01-17 14:30:00;2.509999990463257;2.5399999618530273;2.390000104904175;2.4000000953674316;106600
2023-01-18 14:30:00;2.4100000858306885;2.5;2.4100000858306885;2.450000047683716;119700
2023-01-19 14:30:00;2.440000057220459;2.450000047683716;2.3499999046325684;2.369999885559082;87300
2023-01-20 14:30:00;2.390000104904175;2.5;2.390000104904175;2.490000009536743;105300
2023-01-23 14:30:00;2.5199999809265137;2.634999990463257;2.5199999809265137;2.5899999141693115;188100
2023-01-24 14:30:00;2.6500000953674316;2.6500000953674316;2.5299999713897705;2.5399999618530273;99100
2023-01-25 14:30:00;2.5299999713897705;2.609999895095825;2.4800000190734863;2.559999942779541;144700
2023-01-26 14:30:00;2.5999999046325684;2.5999999046325684;2.502000093460083;2.549999952316284;259600
2023-01-27 14:30:00;2.549999952316284;2.5850000381469727;2.5;2.5299999713897705;54900
2023-01-30 14:30:00;2.5199999809265137;2.549999952316284;2.4700000286102295;2.4800000190734863;74200
2023-01-31 14:30:00;2.5;2.559999942779541;2.369999885559082;2.4200000762939453;265500
2023-02-01 14:30:00;2.430000066757202;2.4800000190734863;2.4000000953674316;2.4800000190734863;87600
2023-02-02 14:30:00;2.5;2.5;2.380000114440918;2.4000000953674316;154000
2023-02-03 14:30:00;2.430000066757202;2.440000057220459;2.359999895095825;2.4200000762939453;155700
2023-02-06 14:30:00;2.4000000953674316;2.430000066757202;2.359999895095825;2.4100000858306885;80500
2023-02-07 14:30:00;2.440000057220459;2.450000047683716;2.390000104904175;2.430000066757202;73500
2023-02-08 14:30:00;2.4200000762939453;2.4649999141693115;2.390000104904175;2.450000047683716;123000
2023-02-09 14:30:00;2.450000047683716;2.450000047683716;2.380000114440918;2.4000000953674316;136800
2023-02-10 14:30:00;2.430000066757202;2.440000057220459;2.3889999389648438;2.4200000762939453;59200
2023-02-13 14:30:00;2.430000066757202;2.450000047683716;2.36899995803833;2.430000066757202;161800
2023-02-14 14:30:00;2.390000104904175;2.4200000762939453;2.369999885559082;2.380000114440918;107200
2023-02-15 14:30:00;2.4000000953674316;2.4000000953674316;2.319999933242798;2.3399999141693115;110700
2023-02-16 14:30:00;2.3499999046325684;2.3499999046325684;2.299999952316284;2.3399999141693115;98400
2023-02-17 14:30:00;2.3299999237060547;2.3499999046325684;2.305000066757202;2.3399999141693115;58400
2023-02-21 14:30:00;2.319999933242798;2.319999933242798;2.240000009536743;2.299999952316284;172000
2023-02-22 14:30:00;2.299999952316284;2.309999942779541;2.240000009536743;2.309999942779541;52500
2023-02-23 14:30:00;2.3399999141693115;2.3399999141693115;2.2799999713897705;2.309999942779541;76800
2023-02-24 14:30:00;2.299999952316284;2.309999942779541;2.25;2.309999942779541;55400
2023-02-27 14:30:00;2.3399999141693115;2.380000114440918;2.309999942779541;2.380000114440918;118000
2023-02-28 14:30:00;2.369999885559082;2.375999927520752;2.25;2.2699999809265137;120100
2023-03-01 14:30:00;2.2699999809265137;2.299999952316284;2.259999990463257;2.2899999618530273;126400
2023-03-02 14:30:00;2.2899999618530273;2.359999895095825;2.2799999713897705;2.3499999046325684;120900
2023-03-03 14:30:00;2.3499999046325684;2.4100000858306885;2.319999933242798;2.380000114440918;162400
2023-03-06 14:30:00;2.4100000858306885;2.5199999809265137;2.3399999141693115;2.4700000286102295;182100
2023-03-07 14:30:00;2.4700000286102295;2.4700000286102295;2.359999895095825;2.390000104904175;99900
2023-03-08 14:30:00;2.4000000953674316;2.4100000858306885;2.369999885559082;2.390000104904175;74600
2023-03-09 14:30:00;2.369999885559082;2.450000047683716;2.2739999294281006;2.319999933242798;176400
2023-03-10 14:30:00;2.259999990463257;2.3299999237060547;2.259999990463257;2.2899999618530273;143600
2023-03-13 13:30:00;2.2699999809265137;2.2899999618530273;2.2200000286102295;2.2899999618530273;82900
2023-03-14 13:30:00;2.309999942779541;2.380000114440918;2.2200000286102295;2.2699999809265137;192000
2023-03-15 13:30:00;2.240000009536743;2.240000009536743;2.075000047683716;2.0899999141693115;260800
2023-03-16 13:30:00;2.109999895095825;2.190000057220459;2.109999895095825;2.140000104904175;150000
2023-03-17 13:30:00;2.140000104904175;2.190000057220459;2.049999952316284;2.069999933242798;187600
2023-03-20 13:30:00;2.0799999237060547;2.0899999141693115;2.0199999809265137;2.049999952316284;113800
2023-03-21 13:30:00;2.109999895095825;2.240000009536743;2.0899999141693115;2.2300000190734863;148600
2023-03-22 13:30:00;2.2200000286102295;2.2699999809265137;2.190000057220459;2.2200000286102295;74600
2023-03-23 13:30:00;2.2200000286102295;2.259999990463257;2.130000114440918;2.130000114440918;136600
2023-03-24 13:30:00;2.119999885559082;2.200000047683716;2.0999999046325684;2.180000066757202;78600
2023-03-27 13:30:00;2.190000057220459;2.2899999618530273;2.190000057220459;2.2300000190734863;124800
2023-03-28 13:30:00;2.2200000286102295;2.2799999713897705;2.2200000286102295;2.2699999809265137;88800
2023-03-29 13:30:00;2.2799999713897705;2.3499999046325684;2.2799999713897705;2.319999933242798;44900
2023-03-30 13:30:00;2.299999952316284;2.380000114440918;2.299999952316284;2.299999952316284;143200
2023-03-31 13:30:00;2.299999952316284;2.3499999046325684;2.2899999618530273;2.3399999141693115;96800
2023-04-03 13:30:00;2.3399999141693115;2.4700000286102295;2.299999952316284;2.390000104904175;137900
2023-04-04 13:30:00;2.4200000762939453;2.430000066757202;2.371000051498413;2.390000104904175;35400
2023-04-05 13:30:00;2.4000000953674316;2.4000000953674316;2.3499999046325684;2.3499999046325684;29900
2023-04-06 13:30:00;2.3499999046325684;2.384999990463257;2.3299999237060547;2.3499999046325684;45800
2023-04-10 13:30:00;2.369999885559082;2.4000000953674316;2.3499999046325684;2.390000104904175;41900
2023-04-11 13:30:00;2.4000000953674316;2.490000009536743;2.4000000953674316;2.490000009536743;82600
2023-04-12 13:30:00;2.490000009536743;2.490000009536743;2.4600000381469727;2.490000009536743;35700
2023-04-13 13:30:00;2.4800000190734863;2.609999895095825;2.4800000190734863;2.5999999046325684;121500
2023-04-14 13:30:00;2.630000114440918;2.677000045776367;2.5899999141693115;2.6500000953674316;85600
2023-04-17 13:30:00;2.630000114440918;2.6500000953674316;2.559999942779541;2.5799999237060547;103400
2023-04-18 13:30:00;2.5899999141693115;2.640000104904175;2.5299999713897705;2.5999999046325684;54100
2023-04-19 13:30:00;2.549999952316284;2.609999895095825;2.509999990463257;2.5899999141693115;41700
2023-04-20 13:30:00;2.5899999141693115;2.634999990463257;2.569999933242798;2.5999999046325684;50800
2023-04-21 13:30:00;2.630000114440918;2.630000114440918;2.5899999141693115;2.5899999141693115;26900
2023-04-24 13:30:00;2.5399999618530273;2.680000066757202;2.5399999618530273;2.640000104904175;68700
2023-04-25 13:30:00;2.630000114440918;2.6600000858306885;2.5899999141693115;2.5899999141693115;56300
2023-04-26 13:30:00;2.609999895095825;2.609999895095825;2.5399999618530273;2.559999942779541;69300
2023-04-27 13:30:00;2.549999952316284;2.5799999237060547;2.440000057220459;2.440000057220459;49600
2023-04-28 13:30:00;2.4200000762939453;2.5;2.380000114440918;2.450000047683716;106600
2023-05-01 13:30:00;2.440000057220459;2.440000057220459;2.240000009536743;2.3399999141693115;164900
2023-05-02 13:30:00;2.3299999237060547;2.430000066757202;2.3299999237060547;2.380000114440918;219900
2023-05-03 13:30:00;2.390000104904175;2.450000047683716;2.299999952316284;2.4200000762939453;99800
2023-05-04 13:30:00;2.4200000762939453;2.4700000286102295;2.3299999237060547;2.450000047683716;111900
2023-05-05 13:30:00;2.490000009536743;2.5399999618530273;2.4739999771118164;2.5199999809265137;61700
2023-05-08 13:30:00;2.490000009536743;2.5;2.440000057220459;2.450000047683716;31000
2023-05-09 13:30:00;2.4600000381469727;2.4600000381469727;2.4200000762939453;2.430000066757202;17300
2023-05-10 13:30:00;2.430000066757202;2.4800000190734863;2.390000104904175;2.4200000762939453;26800
2023-05-11 13:30:00;2.4000000953674316;2.4170000553131104;2.3399999141693115;2.359999895095825;69500
2023-05-12 13:30:00;2.3299999237060547;2.441999912261963;2.3299999237060547;2.359999895095825;57700
2023-05-15 13:30:00;2.390000104904175;2.4800000190734863;2.359999895095825;2.4200000762939453;45600
2023-05-16 13:30:00;2.440000057220459;2.4800000190734863;2.2799999713897705;2.2799999713897705;106800
2023-05-17 13:30:00;2.2799999713897705;2.3540000915527344;2.2799999713897705;2.319999933242798;79200
2023-05-18 13:30:00;2.3499999046325684;2.3980000019073486;2.240000009536743;2.25;72300
2023-05-19 13:30:00;2.240000009536743;2.2990000247955322;2.1700000762939453;2.1700000762939453;167700
2023-05-22 13:30:00;2.180000066757202;2.200000047683716;2.1500000953674316;2.1700000762939453;77000
2023-05-23 13:30:00;2.180000066757202;2.25;2.1700000762939453;2.2200000286102295;113400
2023-05-24 13:30:00;2.2200000286102295;2.240000009536743;2.1500000953674316;2.1700000762939453;69200
2023-05-25 13:30:00;2.2100000381469727;2.2100000381469727;2.1089999675750732;2.200000047683716;129400
2023-05-26 13:30:00;2.2300000190734863;2.2300000190734863;2.130000114440918;2.1500000953674316;107300
2023-05-30 13:30:00;2.1600000858306885;2.200000047683716;2.109999895095825;2.1500000953674316;116400
2023-05-31 13:30:00;2.109999895095825;2.180000066757202;2.0799999237060547;2.0999999046325684;80800
2023-06-01 13:30:00;2.109999895095825;2.200000047683716;2.0899999141693115;2.1600000858306885;151400
2023-06-02 13:30:00;2.200000047683716;2.2699999809265137;2.180000066757202;2.240000009536743;172800
2023-06-05 13:30:00;2.2300000190734863;2.369999885559082;2.2300000190734863;2.3499999046325684;153600
2023-06-06 13:30:00;2.369999885559082;2.4600000381469727;2.369999885559082;2.440000057220459;101700
2023-06-07 13:30:00;2.450000047683716;2.4779999256134033;2.4100000858306885;2.450000047683716;78000
2023-06-08 13:30:00;2.4600000381469727;2.4700000286102295;2.390000104904175;2.440000057220459;89700
2023-06-09 13:30:00;2.4600000381469727;2.4800000190734863;2.4000000953674316;2.4200000762939453;50700
2023-06-12 13:30:00;2.450000047683716;2.450000047683716;2.3299999237060547;2.4100000858306885;103600
2023-06-13 13:30:00;2.4200000762939453;2.450000047683716;2.4000000953674316;2.4000000953674316;103900
2023-06-14 13:30:00;2.4000000953674316;2.450000047683716;2.3499999046325684;2.369999885559082;67100
2023-06-15 13:30:00;2.4000000953674316;2.4700000286102295;2.38100004196167;2.440000057220459;68500
2023-06-16 13:30:00;2.4600000381469727;2.4700000286102295;2.369999885559082;2.380000114440918;45300
2023-06-20 13:30:00;2.440000057220459;2.450000047683716;2.309999942779541;2.390000104904175;69400
2023-06-21 13:30:00;2.4000000953674316;2.4100000858306885;2.3399999141693115;2.369999885559082;80000
2023-06-22 13:30:00;2.380000114440918;2.380000114440918;2.315999984741211;2.3399999141693115;36200
2023-06-23 13:30:00;2.3499999046325684;2.359999895095825;2.309999942779541;2.3499999046325684;34900
2023-06-26 13:30:00;2.3399999141693115;2.380000114440918;2.3299999237060547;2.3299999237060547;32100
2023-06-27 13:30:00;2.3299999237060547;2.380000114440918;2.3299999237060547;2.3299999237060547;70300
2023-06-28 13:30:00;2.299999952316284;2.380000114440918;2.299999952316284;2.319999933242798;57000
2023-06-29 13:30:00;2.3499999046325684;2.369999885559082;2.299999952316284;2.299999952316284;33700
2023-06-30 13:30:00;2.319999933242798;2.359999895095825;2.299999952316284;2.319999933242798;22200
2023-07-03 13:30:00;2.299999952316284;2.369999885559082;2.299999952316284;2.3399999141693115;16000
2023-07-05 13:30:00;2.3399999141693115;2.390000104904175;2.259999990463257;2.3299999237060547;52800
2023-07-06 13:30:00;2.319999933242798;2.3499999046325684;2.319999933242798;2.319999933242798;32400
2023-07-07 13:30:00;2.3299999237060547;2.4000000953674316;2.309999942779541;2.380000114440918;83500
2023-07-10 13:30:00;2.390000104904175;2.4040000438690186;2.3399999141693115;2.3499999046325684;39700
2023-07-11 13:30:00;2.359999895095825;2.440000057220459;2.3299999237060547;2.4000000953674316;79200
2023-07-12 13:30:00;2.4100000858306885;2.450000047683716;2.3499999046325684;2.3499999046325684;41900
2023-07-13 13:30:00;2.3499999046325684;2.450000047683716;2.3499999046325684;2.4100000858306885;52500
2023-07-14 13:30:00;2.430000066757202;2.4649999141693115;2.369999885559082;2.4600000381469727;70700
2023-07-17 13:30:00;2.450000047683716;2.490000009536743;2.4100000858306885;2.490000009536743;85300
2023-07-18 13:30:00;2.490000009536743;2.6600000858306885;2.4749999046325684;2.6600000858306885;475100
2023-07-19 13:30:00;2.6500000953674316;2.6600000858306885;2.569999933242798;2.640000104904175;208700
2023-07-20 13:30:00;2.640000104904175;2.640000104904175;2.5999999046325684;2.5999999046325684;23000
2023-07-21 13:30:00;2.609999895095825;2.609999895095825;2.569999933242798;2.5899999141693115;20300
2023-07-24 13:30:00;2.5999999046325684;2.6500000953674316;2.5799999237060547;2.630000114440918;34100
2023-07-25 13:30:00;2.6600000858306885;2.6600000858306885;2.5999999046325684;2.6500000953674316;57700
2023-07-26 13:30:00;2.6600000858306885;2.6600000858306885;2.619999885559082;2.630000114440918;16400
2023-07-27 13:30:00;2.6500000953674316;2.6500000953674316;2.569999933242798;2.5799999237060547;54500
2023-07-28 13:30:00;2.559999942779541;2.6500000953674316;2.5299999713897705;2.619999885559082;74400
2023-07-31 13:30:00;2.6500000953674316;2.6700000762939453;2.6070001125335693;2.630000114440918;78100
2023-08-01 13:30:00;2.6500000953674316;2.6500000953674316;2.5480000972747803;2.5999999046325684;87100
2023-08-02 13:30:00;2.5999999046325684;2.5999999046325684;2.490000009536743;2.490000009536743;109700
2023-08-03 13:30:00;2.4800000190734863;2.490000009536743;2.430000066757202;2.450000047683716;56700
2023-08-04 13:30:00;2.4800000190734863;2.5399999618530273;2.430000066757202;2.5399999618530273;26500
2023-08-07 13:30:00;2.5799999237060547;2.6500000953674316;2.559999942779541;2.6500000953674316;157500
2023-08-08 13:30:00;2.5899999141693115;2.5899999141693115;2.5399999618530273;2.5799999237060547;146200
2023-08-09 13:30:00;2.609999895095825;2.630000114440918;2.5199999809265137;2.619999885559082;68900
2023-08-10 13:30:00;2.640000104904175;2.6700000762939453;2.6050000190734863;2.640000104904175;14000
2023-08-11 13:30:00;2.5899999141693115;2.630000114440918;2.5299999713897705;2.619999885559082;108500
2023-08-14 13:30:00;2.619999885559082;2.619999885559082;2.5;2.5399999618530273;71100
2023-08-15 13:30:00;2.4800000190734863;2.5190000534057617;2.450000047683716;2.450000047683716;44700
2023-08-16 13:30:00;2.490000009536743;2.490000009536743;2.359999895095825;2.4200000762939453;93400
2023-08-17 13:30:00;2.3499999046325684;2.4600000381469727;2.299999952316284;2.369999885559082;64100
2023-08-18 13:30:00;2.319999933242798;2.4200000762939453;2.319999933242798;2.3299999237060547;58100
2023-08-21 13:30:00;2.3299999237060547;2.384999990463257;2.309999942779541;2.3399999141693115;41200
2023-08-22 13:30:00;2.3499999046325684;2.4700000286102295;2.309999942779541;2.319999933242798;48700
2023-08-23 13:30:00;2.309999942779541;2.3499999046325684;2.240000009536743;2.25;87500
2023-08-24 13:30:00;2.25;2.319999933242798;2.2300000190734863;2.259999990463257;36200
2023-08-25 13:30:00;2.25;2.259999990463257;2.200000047683716;2.2100000381469727;56800
2023-08-28 13:30:00;2.240000009536743;2.2790000438690186;2.200000047683716;2.2300000190734863;77800
2023-08-29 13:30:00;2.25;2.359999895095825;2.234999895095825;2.319999933242798;53000
2023-08-30 13:30:00;2.3299999237060547;2.390000104904175;2.2899999618530273;2.390000104904175;101100
2023-08-31 13:30:00;2.380000114440918;2.4800000190734863;2.3399999141693115;2.4800000190734863;96300
2023-09-01 13:30:00;2.440000057220459;2.4600000381469727;2.3299999237060547;2.359999895095825;69800
2023-09-05 13:30:00;2.369999885559082;2.390000104904175;2.2200000286102295;2.240000009536743;87300
2023-09-06 13:30:00;2.259999990463257;2.259999990463257;2.194999933242798;2.2100000381469727;64900
2023-09-07 13:30:00;2.190000057220459;2.2300000190734863;2.1700000762939453;2.2300000190734863;47700
2023-09-08 13:30:00;2.259999990463257;2.259999990463257;2.200000047683716;2.25;90600
2023-09-11 13:30:00;2.259999990463257;2.3299999237060547;2.259999990463257;2.309999942779541;94200
2023-09-12 13:30:00;2.259999990463257;2.380000114440918;2.259999990463257;2.299999952316284;248400
2023-09-13 13:30:00;2.299999952316284;2.369999885559082;2.299999952316284;2.319999933242798;54900
2023-09-14 13:30:00;2.390000104904175;2.4200000762939453;2.3499999046325684;2.390000104904175;64300
2023-09-15 13:30:00;2.369999885559082;2.509999990463257;2.369999885559082;2.490000009536743;207200
2023-09-18 13:30:00;2.5199999809265137;2.5399999618530273;2.450000047683716;2.4700000286102295;30800
2023-09-19 13:30:00;2.4800000190734863;2.5799999237060547;2.430000066757202;2.5399999618530273;64600
2023-09-20 13:30:00;2.5199999809265137;2.559999942779541;2.494999885559082;2.5;60200
2023-09-21 13:30:00;2.5;2.5;2.390000104904175;2.430000066757202;66200
2023-09-22 13:30:00;2.444000005722046;2.509999990463257;2.4100000858306885;2.509999990463257;77800
2023-09-25 13:30:00;2.4700000286102295;2.4700000286102295;2.430000066757202;2.430000066757202;26900
2023-09-26 13:30:00;2.430000066757202;2.509999990463257;2.4200000762939453;2.4600000381469727;21900
2023-09-27 13:30:00;2.5;2.509999990463257;2.4200000762939453;2.4600000381469727;41000
2023-09-28 13:30:00;2.430000066757202;2.4600000381469727;2.4200000762939453;2.440000057220459;27500
2023-09-29 13:30:00;2.430000066757202;2.4600000381469727;2.4200000762939453;2.4200000762939453;29800
2023-10-02 13:30:00;2.450000047683716;2.4600000381469727;2.380000114440918;2.4600000381469727;36900
2023-10-03 13:30:00;2.369999885559082;2.490000009536743;2.3499999046325684;2.490000009536743;61500
2023-10-04 13:30:00;2.5;2.5;2.3610000610351562;2.390000104904175;36500
2023-10-05 13:30:00;2.450000047683716;2.450000047683716;2.299999952316284;2.319999933242798;19600
2023-10-06 13:30:00;2.369999885559082;2.369999885559082;2.299999952316284;2.359999895095825;16800
2023-10-09 13:30:00;2.380000114440918;2.4089999198913574;2.319999933242798;2.369999885559082;12700
2023-10-10 13:30:00;2.369999885559082;2.450000047683716;2.359999895095825;2.450000047683716;7500
2023-10-11 13:30:00;2.450000047683716;2.450000047683716;2.378999948501587;2.390000104904175;7600
2023-10-12 13:30:00;2.390000104904175;2.4189999103546143;2.3410000801086426;2.3499999046325684;14400
2023-10-13 13:30:00;2.309999942779541;2.430000066757202;2.309999942779541;2.369999885559082;13700
2023-10-16 13:30:00;2.4200000762939453;2.438999891281128;2.380000114440918;2.430000066757202;14000
2023-10-17 13:30:00;2.4100000858306885;2.4549999237060547;2.380000114440918;2.440000057220459;7000
2023-10-18 13:30:00;2.450000047683716;2.450000047683716;2.361999988555908;2.390000104904175;11000
2023-10-19 13:30:00;2.4700000286102295;2.4700000286102295;2.359999895095825;2.390000104904175;18700
2023-10-20 13:30:00;2.359999895095825;2.438999891281128;2.3299999237060547;2.3889999389648438;9900
2023-10-23 13:30:00;2.4000000953674316;2.4000000953674316;2.25;2.299999952316284;145700
2023-10-24 13:30:00;2.369999885559082;2.371000051498413;2.200000047683716;2.259999990463257;36000
2023-10-25 13:30:00;2.259999990463257;2.319999933242798;2.259999990463257;2.299999952316284;22500
2023-10-26 13:30:00;2.299999952316284;2.4000000953674316;2.2799999713897705;2.319999933242798;16300
2023-10-27 13:30:00;2.3499999046325684;2.3499999046325684;2.2300000190734863;2.25;16800
2023-10-30 13:30:00;2.259999990463257;2.450000047683716;2.259999990463257;2.2799999713897705;31100
2023-10-31 13:30:00;2.322999954223633;2.3499999046325684;2.2799999713897705;2.2899999618530273;21600
2023-11-01 13:30:00;2.259999990463257;2.3359999656677246;2.259999990463257;2.2699999809265137;11400
2023-11-02 13:30:00;2.3299999237060547;2.369999885559082;2.309999942779541;2.3499999046325684;20000
2023-11-03 13:30:00;2.3399999141693115;2.4200000762939453;2.3399999141693115;2.380000114440918;27700
2023-11-06 14:30:00;2.359999895095825;2.440000057220459;2.359999895095825;2.4100000858306885;20800
2023-11-07 14:30:00;2.4100000858306885;2.430000066757202;2.309999942779541;2.319999933242798;35300
2023-11-08 14:30:00;2.3399999141693115;2.365999937057495;2.200000047683716;2.259999990463257;32300
2023-11-09 14:30:00;2.2100000381469727;2.2950000762939453;2.2100000381469727;2.2200000286102295;45800
2023-11-10 14:30:00;2.2699999809265137;2.2699999809265137;2.2279999256134033;2.2699999809265137;41600
2023-11-13 14:30:00;2.2899999618530273;2.2899999618530273;2.2200000286102295;2.2279999256134033;25800
2023-11-14 14:30:00;2.2899999618530273;2.3499999046325684;2.25;2.2899999618530273;24700
2023-11-15 14:30:00;2.319999933242798;2.3499999046325684;2.259999990463257;2.2799999713897705;19400
2023-11-16 14:30:00;2.240000009536743;2.2769999504089355;2.1500000953674316;2.259999990463257;67600
2023-11-17 14:30:00;2.25;2.25;2.191999912261963;2.2200000286102295;34500
2023-11-20 14:30:00;2.190000057220459;2.309999942779541;2.1700000762939453;2.1700000762939453;75700
2023-11-21 14:30:00;2.200000047683716;2.25;2.1600000858306885;2.190000057220459;39100
2023-11-22 14:30:00;2.2200000286102295;2.2200000286102295;2.1700000762939453;2.180000066757202;24300
2023-11-24 14:30:00;2.2100000381469727;2.240000009536743;2.190000057220459;2.240000009536743;12700
2023-11-27 14:30:00;2.25;2.25;2.1600000858306885;2.2100000381469727;67800
2023-11-28 14:30:00;2.180000066757202;2.194999933242798;2.1600000858306885;2.1600000858306885;67800
2023-11-29 14:30:00;2.1700000762939453;2.174999952316284;2.140000104904175;2.140000104904175;82200
2023-11-30 14:30:00;2.130000114440918;2.2300000190734863;2.130000114440918;2.2300000190734863;44300
2023-12-01 14:30:00;2.2300000190734863;2.2300000190734863;2.109999895095825;2.1500000953674316;214300
2023-12-04 14:30:00;2.130000114440918;2.180000066757202;2.0999999046325684;2.130000114440918;97100
2023-12-05 14:30:00;2.130000114440918;2.2039999961853027;2.0999999046325684;2.140000104904175;47700
2023-12-06 14:30:00;2.119999885559082;2.1700000762939453;2.0999999046325684;2.140000104904175;64900
2023-12-07 14:30:00;2.1700000762939453;2.200000047683716;2.0999999046325684;2.200000047683716;49400
2023-12-08 14:30:00;2.1700000762939453;2.200000047683716;2.119999885559082;2.140000104904175;101300
2023-12-11 14:30:00;2.1600000858306885;2.1600000858306885;2.0999999046325684;2.130000114440918;30400
2023-12-12 14:30:00;2.119999885559082;2.1500000953674316;2.0999999046325684;2.130000114440918;21300
2023-12-13 14:30:00;2.2100000381469727;2.2100000381469727;2.1019999980926514;2.200000047683716;69800
2023-12-14 14:30:00;2.190000057220459;2.2009999752044678;2.140000104904175;2.200000047683716;54100
2023-12-15 14:30:00;2.200000047683716;2.2300000190734863;2.190000057220459;2.2300000190734863;29900
2023-12-18 14:30:00;2.259999990463257;2.259999990463257;2.2300000190734863;2.25;55300
2023-12-19 14:30:00;2.2200000286102295;2.259999990463257;2.190000057220459;2.2200000286102295;50600
2023-12-20 14:30:00;2.25;2.3299999237060547;2.180000066757202;2.309999942779541;98500
2023-12-21 14:30:00;2.2699999809265137;2.3499999046325684;2.25;2.25;78400
2023-12-22 14:30:00;2.2799999713897705;2.325000047683716;2.2699999809265137;2.2699999809265137;37600
2023-12-26 14:30:00;2.25;2.319999933242798;2.25;2.309999942779541;23500
2023-12-27 14:30:00;2.299999952316284;2.4000000953674316;2.299999952316284;2.3499999046325684;83300
2023-12-28 14:30:00;2.359999895095825;2.4800000190734863;2.309999942779541;2.430000066757202;183700
2023-12-29 14:30:00;2.440000057220459;2.450000047683716;2.4200000762939453;2.430000066757202;37000
2024-01-02 14:30:00;2.430000066757202;2.549999952316284;2.4000000953674316;2.5199999809265137;95400
2024-01-03 14:30:00;2.5399999618530273;2.5399999618530273;2.430000066757202;2.5299999713897705;46400
2024-01-04 14:30:00;2.5299999713897705;2.5399999618530273;2.450000047683716;2.450000047683716;55200
2024-01-05 14:30:00;2.4200000762939453;2.6500000953674316;2.4200000762939453;2.5999999046325684;119100
2024-01-08 14:30:00;2.630000114440918;2.6500000953674316;2.569999933242798;2.609999895095825;69400
2024-01-09 14:30:00;2.619999885559082;2.619999885559082;2.5;2.5899999141693115;79700
2024-01-10 14:30:00;2.5799999237060547;2.624000072479248;2.440000057220459;2.559999942779541;198800
2024-01-11 14:30:00;2.5799999237060547;2.5899999141693115;2.4800000190734863;2.509999990463257;95400
2024-01-12 14:30:00;2.509999990463257;2.5999999046325684;2.509999990463257;2.5399999618530273;110000
2024-01-16 14:30:00;2.549999952316284;2.6080000400543213;2.5250000953674316;2.569999933242798;82100
2024-01-17 14:30:00;2.5899999141693115;2.619999885559082;2.5399999618530273;2.609999895095825;68700
2024-01-18 14:30:00;2.619999885559082;2.630000114440918;2.552000045776367;2.609999895095825;23400
2024-01-19 14:30:00;2.5999999046325684;2.7049999237060547;2.569999933242798;2.6600000858306885;67800
2024-01-22 14:30:00;2.6600000858306885;2.6600000858306885;2.5899999141693115;2.5899999141693115;32500
2024-01-23 14:30:00;2.5799999237060547;2.5889999866485596;2.509999990463257;2.5399999618530273;24600
2024-01-24 14:30:00;2.5299999713897705;2.565000057220459;2.509999990463257;2.5299999713897705;17500
2024-01-25 14:30:00;2.5;2.569999933242798;2.5;2.509999990463257;15600
2024-01-26 14:30:00;2.5;2.561000108718872;2.5;2.559999942779541;17000
2024-01-29 14:30:00;2.5799999237060547;2.5999999046325684;2.5409998893737793;2.5899999141693115;68500
2024-01-30 14:30:00;2.5999999046325684;2.630000114440918;2.5429999828338623;2.630000114440918;12500
2024-01-31 14:30:00;2.619999885559082;2.640000104904175;2.5899999141693115;2.619999885559082;15000
2024-02-01 14:30:00;2.630000114440918;2.630000114440918;2.569999933242798;2.609999895095825;19100
2024-02-02 14:30:00;2.569999933242798;2.5999999046325684;2.559999942779541;2.569999933242798;43700
2024-02-05 14:30:00;2.5899999141693115;2.619999885559082;2.5329999923706055;2.619999885559082;26200
2024-02-06 14:30:00;2.6500000953674316;2.6500000953674316;2.565000057220459;2.5799999237060547;49900
2024-02-07 14:30:00;2.559999942779541;2.5999999046325684;2.5399999618530273;2.5899999141693115;118600
2024-02-08 14:30:00;2.569999933242798;2.609999895095825;2.5399999618530273;2.5799999237060547;99100
2024-02-09 14:30:00;2.5999999046325684;2.5999999046325684;2.559999942779541;2.5799999237060547;70000
2024-02-12 14:30:00;2.5999999046325684;2.5999999046325684;2.509999990463257;2.549999952316284;24100
2024-02-13 14:30:00;2.569999933242798;2.569999933242798;2.490000009536743;2.549999952316284;145100
2024-02-14 14:30:00;2.5299999713897705;2.569999933242798;2.490000009536743;2.5199999809265137;42100
2024-02-15 14:30:00;2.4700000286102295;2.549999952316284;2.4700000286102295;2.5299999713897705;25500
2024-02-16 14:30:00;2.549999952316284;2.5799999237060547;2.5299999713897705;2.5799999237060547;61600
2024-02-20 14:30:00;2.549999952316284;2.5799999237060547;2.5;2.5399999618530273;113700
2024-02-21 14:30:00;2.559999942779541;2.5799999237060547;2.5399999618530273;2.569999933242798;50700
2024-02-22 14:30:00;2.569999933242798;2.5799999237060547;2.5450000762939453;2.559999942779541;91900
2024-02-23 14:30:00;2.5799999237060547;2.5799999237060547;2.5299999713897705;2.549999952316284;42600
2024-02-26 14:30:00;2.5299999713897705;2.559999942779541;2.490000009536743;2.5;133200
2024-02-27 14:30:00;2.4800000190734863;2.5399999618530273;2.4800000190734863;2.5399999618530273;23300
2024-02-28 14:30:00;2.5399999618530273;2.5399999618530273;2.4749999046325684;2.5399999618530273;18300
2024-02-29 14:30:00;2.509999990463257;2.5369999408721924;2.5;2.5299999713897705;110000
2024-03-01 14:30:00;2.5299999713897705;2.569999933242798;2.4700000286102295;2.569999933242798;40200
2024-03-04 14:30:00;2.5999999046325684;2.5999999046325684;2.5250000953674316;2.5399999618530273;38500
2024-03-05 14:30:00;2.569999933242798;2.569999933242798;2.490000009536743;2.5299999713897705;35700
2024-03-06 14:30:00;2.509999990463257;2.559999942779541;2.4600000381469727;2.5399999618530273;82000
2024-03-07 14:30:00;2.5399999618530273;2.559999942779541;2.509999990463257;2.5250000953674316;61600
2024-03-08 14:30:00;2.549999952316284;2.549999952316284;2.4800000190734863;2.549999952316284;50600
2024-03-11 13:30:00;2.559999942779541;2.559999942779541;2.450000047683716;2.5;23500
2024-03-12 13:30:00;2.5;2.5;2.4100000858306885;2.4200000762939453;121400
2024-03-13 13:30:00;2.450000047683716;2.450000047683716;2.25;2.2799999713897705;275300
2024-03-14 13:30:00;2.2799999713897705;2.309999942779541;2.2300000190734863;2.2899999618530273;55800
2024-03-15 13:30:00;2.3299999237060547;2.3299999237060547;2.109999895095825;2.1500000953674316;1085200
2024-03-18 13:30:00;2.200000047683716;2.259999990463257;2.180000066757202;2.2100000381469727;114700
2024-03-19 13:30:00;2.259999990463257;2.259999990463257;2.2100000381469727;2.240000009536743;76000
2024-03-20 13:30:00;2.25;2.25;2.200000047683716;2.2200000286102295;33400
2024-03-21 13:30:00;2.1700000762939453;2.25;2.1700000762939453;2.240000009536743;123800
2024-03-22 13:30:00;2.240000009536743;2.259999990463257;2.2200000286102295;2.25;49800
2024-03-25 13:30:00;2.259999990463257;2.259999990463257;2.180000066757202;2.25;57600
2024-03-26 13:30:00;2.2300000190734863;2.259999990463257;2.2100000381469727;2.2300000190734863;64400
2024-03-27 13:30:00;2.2699999809265137;2.2799999713897705;2.2200000286102295;2.259999990463257;71300
2024-03-28 13:30:00;2.2799999713897705;2.309999942779541;2.2100000381469727;2.309999942779541;37900
2024-04-01 13:30:00;2.2899999618530273;2.319999933242798;2.2300000190734863;2.299999952316284;114500
2024-04-02 13:30:00;2.319999933242798;2.359999895095825;2.25;2.3499999046325684;59400
2024-04-03 13:30:00;2.359999895095825;2.367000102996826;2.3299999237060547;2.3399999141693115;39200
2024-04-04 13:30:00;2.3499999046325684;2.450000047683716;2.3499999046325684;2.424999952316284;77100
2024-04-05 13:30:00;2.4000000953674316;2.450000047683716;2.380000114440918;2.390000104904175;64300
2024-04-08 13:30:00;2.359999895095825;2.4700000286102295;2.359999895095825;2.440000057220459;46200
2024-04-09 13:30:00;2.4600000381469727;2.5350000858306885;2.430000066757202;2.5299999713897705;103500
2024-04-10 13:30:00;2.549999952316284;2.549999952316284;2.4609999656677246;2.4700000286102295;55100
2024-04-11 13:30:00;2.440000057220459;2.5299999713897705;2.440000057220459;2.490000009536743;45100
2024-04-12 13:30:00;2.490000009536743;2.5399999618530273;2.440000057220459;2.4700000286102295;218600
2024-04-15 13:30:00;2.450000047683716;2.5;2.369999885559082;2.390000104904175;179500
2024-04-16 13:30:00;2.359999895095825;2.4000000953674316;2.3440001010894775;2.4000000953674316;77100
2024-04-17 13:30:00;2.430000066757202;2.430000066757202;2.359999895095825;2.380000114440918;20700
2024-04-18 13:30:00;2.369999885559082;2.390000104904175;2.3450000286102295;2.3499999046325684;35300
2024-04-19 13:30:00;2.319999933242798;2.4200000762939453;2.309999942779541;2.380000114440918;134600
2024-04-22 13:30:00;2.3499999046325684;2.430000066757202;2.3499999046325684;2.430000066757202;35900
2024-04-23 13:30:00;2.4000000953674316;2.430000066757202;2.4000000953674316;2.430000066757202;30300
2024-04-24 13:30:00;2.4000000953674316;2.4100000858306885;2.364000082015991;2.4000000953674316;38800
2024-04-25 13:30:00;2.390000104904175;2.4019999504089355;2.3499999046325684;2.390000104904175;44700
2024-04-26 13:30:00;2.4100000858306885;2.434999942779541;2.4000000953674316;2.430000066757202;24700
2024-04-29 13:30:00;2.4800000190734863;2.4800000190734863;2.4100000858306885;2.450000047683716;62200
2024-04-30 13:30:00;2.4000000953674316;2.440000057220459;2.380000114440918;2.390000104904175;31200
2024-05-01 13:30:00;2.4200000762939453;2.4200000762939453;2.359999895095825;2.380000114440918;12800
2024-05-02 13:30:00;2.390000104904175;2.4100000858306885;2.380000114440918;2.390000104904175;34100
2024-05-03 13:30:00;2.369999885559082;2.434999942779541;2.369999885559082;2.390000104904175;160400
2024-05-06 13:30:00;2.4200000762939453;2.430000066757202;2.390000104904175;2.4100000858306885;40500
2024-05-07 13:30:00;2.4019999504089355;2.440000057220459;2.3980000019073486;2.4000000953674316;33100
2024-05-08 13:30:00;2.380000114440918;2.440000057220459;2.380000114440918;2.4200000762939453;46300
2024-05-09 13:30:00;2.390000104904175;2.4600000381469727;2.390000104904175;2.4100000858306885;61600
2024-05-10 13:30:00;2.4100000858306885;2.450000047683716;2.4000000953674316;2.434999942779541;27400
2024-05-13 13:30:00;2.4600000381469727;2.4600000381469727;2.440000057220459;2.4600000381469727;8300
2024-05-14 13:30:00;2.440000057220459;2.509999990463257;2.440000057220459;2.5;34900
2024-05-15 13:30:00;2.4800000190734863;2.5299999713897705;2.450000047683716;2.4800000190734863;111200
2024-05-16 13:30:00;2.5;2.5;2.450000047683716;2.4800000190734863;11700
2024-05-17 13:30:00;2.4600000381469727;2.5;2.450000047683716;2.4700000286102295;14100
2024-05-20 13:30:00;2.4000000953674316;2.509999990463257;2.4000000953674316;2.490000009536743;62300
2024-05-21 13:30:00;2.509999990463257;2.5299999713897705;2.490000009536743;2.5199999809265137;38600
2024-05-22 13:30:00;2.509999990463257;2.509999990463257;2.4600000381469727;2.4749999046325684;35100
2024-05-23 13:30:00;2.450000047683716;2.5;2.424999952316284;2.4600000381469727;65300
2024-05-24 13:30:00;2.4700000286102295;2.4800000190734863;2.4100000858306885;2.450000047683716;36800
2024-05-28 13:30:00;2.5;2.5;2.430000066757202;2.4700000286102295;34800
2024-05-29 13:30:00;2.430000066757202;2.4600000381469727;2.4000000953674316;2.430000066757202;7700
2024-05-30 13:30:00;2.4600000381469727;2.4600000381469727;2.4000000953674316;2.450000047683716;28600
2024-05-31 13:30:00;2.4100000858306885;2.4800000190734863;2.369999885559082;2.369999885559082;58900
2024-06-03 13:30:00;2.390000104904175;2.4600000381469727;2.381999969482422;2.4600000381469727;17900
2024-06-04 13:30:00;2.430000066757202;2.430000066757202;2.3529999256134033;2.359999895095825;51900
2024-06-05 13:30:00;2.3499999046325684;2.424999952316284;2.319999933242798;2.3299999237060547;35100
2024-06-06 13:30:00;2.3399999141693115;2.380000114440918;2.3299999237060547;2.3499999046325684;28300
2024-06-07 13:30:00;2.369999885559082;2.430000066757202;2.319999933242798;2.3299999237060547;20800
2024-06-10 13:30:00;2.319999933242798;2.359999895095825;2.319999933242798;2.319999933242798;12500
2024-06-11 13:30:00;2.3499999046325684;2.3499999046325684;2.2200000286102295;2.309999942779541;75500
2024-06-12 13:30:00;2.25;2.2799999713897705;2.190000057220459;2.240000009536743;98600
2024-06-13 13:30:00;2.240000009536743;2.259999990463257;2.1600000858306885;2.174999952316284;75900
2024-06-14 13:30:00;2.2200000286102295;2.2200000286102295;2.130000114440918;2.1700000762939453;106400
2024-06-17 13:30:00;2.140000104904175;2.1989998817443848;2.0999999046325684;2.109999895095825;66300
2024-06-18 13:30:00;2.0999999046325684;2.1700000762939453;2.0999999046325684;2.1500000953674316;54500
2024-06-20 13:30:00;2.140000104904175;2.180000066757202;2.130000114440918;2.1700000762939453;35100
2024-06-21 13:30:00;2.1700000762939453;2.2100000381469727;2.1600000858306885;2.1600000858306885;72900
2024-06-24 13:30:00;2.180000066757202;2.2200000286102295;2.1449999809265137;2.2200000286102295;100900
2024-06-25 13:30:00;2.2100000381469727;2.2300000190734863;2.1600000858306885;2.1600000858306885;146200
2024-06-26 13:30:00;2.180000066757202;2.190000057220459;2.1500000953674316;2.190000057220459;27200
2024-06-27 13:30:00;2.190000057220459;2.200000047683716;2.134999990463257;2.1700000762939453;41200
2024-06-28 13:30:00;2.1700000762939453;2.190000057220459;2.1500000953674316;2.180000066757202;24100
2024-07-01 13:30:00;2.200000047683716;2.200000047683716;2.1500000953674316;2.1700000762939453;52500
2024-07-02 13:30:00;2.1600000858306885;2.200000047683716;2.1600000858306885;2.1649999618530273;58000
2024-07-03 13:30:00;2.180000066757202;2.200000047683716;2.1700000762939453;2.190000057220459;28700
2024-07-05 13:30:00;2.1700000762939453;2.180000066757202;2.130000114440918;2.140000104904175;55600
2024-07-08 13:30:00;2.130000114440918;2.2100000381469727;2.130000114440918;2.1700000762939453;61400
2024-07-09 13:30:00;2.1600000858306885;2.190000057220459;2.140000104904175;2.1600000858306885;46800
2024-07-10 13:30:00;2.1600000858306885;2.190000057220459;2.1600000858306885;2.174999952316284;40000
2024-07-11 13:30:00;2.1600000858306885;2.200000047683716;2.1500000953674316;2.1600000858306885;92700
2024-07-12 13:30:00;2.190000057220459;2.2100000381469727;2.140000104904175;2.2100000381469727;108700
2024-07-15 13:30:00;2.2100000381469727;2.2100000381469727;2.1700000762939453;2.190000057220459;73000
2024-07-16 13:30:00;2.1700000762939453;2.200000047683716;2.1600000858306885;2.180000066757202;47800
2024-07-17 13:30:00;2.180000066757202;2.190000057220459;2.1500000953674316;2.1500000953674316;26700
2024-07-18 13:30:00;2.1700000762939453;2.1700000762939453;2.119999885559082;2.130000114440918;81900
2024-07-19 13:30:00;2.1500000953674316;2.1700000762939453;2.140000104904175;2.1700000762939453;7600
2024-07-22 13:30:00;2.180000066757202;2.180000066757202;2.1500000953674316;2.174999952316284;45500
2024-07-23 13:30:00;2.1600000858306885;2.1670000553131104;2.130000114440918;2.1549999713897705;39000
2024-07-24 13:30:00;2.140000104904175;2.1500000953674316;2.119999885559082;2.119999885559082;47500
2024-07-25 13:30:00;2.119999885559082;2.1579999923706055;2.109999895095825;2.140000104904175;25700
2024-07-26 13:30:00;2.140000104904175;2.1600000858306885;2.130000114440918;2.140000104904175;14200
2024-07-29 13:30:00;2.130000114440918;2.140000104904175;2.109999895095825;2.119999885559082;50300
2024-07-30 13:30:00;2.1700000762939453;2.1700000762939453;2.0799999237060547;2.0799999237060547;156500
2024-07-31 13:30:00;2.0999999046325684;2.130000114440918;2.069999933242798;2.119999885559082;33800
2024-08-01 13:30:00;2.1500000953674316;2.1500000953674316;2.119999885559082;2.119999885559082;23700
2024-08-02 13:30:00;2.119999885559082;2.1600000858306885;2.069999933242798;2.069999933242798;705400
2024-08-05 13:30:00;2.049999952316284;2.119999885559082;1.9500000476837158;1.9700000286102295;106300
2024-08-06 13:30:00;1.9900000095367432;2.049999952316284;1.9900000095367432;2.009999990463257;80900
2024-08-07 13:30:00;2.0199999809265137;2.049999952316284;1.9700000286102295;1.9700000286102295;62500
2024-08-08 13:30:00;1.9800000190734863;2.059999942779541;1.9800000190734863;2.049999952316284;64000
2024-08-09 13:30:00;2.0799999237060547;2.0799999237060547;2.0;2.0199999809265137;43100
2024-08-12 13:30:00;2.049999952316284;2.069999933242798;2.0199999809265137;2.049999952316284;46500
2024-08-13 13:30:00;2.0399999618530273;2.069999933242798;2.0399999618530273;2.069999933242798;18100
2024-08-14 13:30:00;2.0799999237060547;2.0999999046325684;2.0799999237060547;2.0999999046325684;25600
2024-08-15 13:30:00;2.069999933242798;2.140000104904175;2.069999933242798;2.119999885559082;48500
2024-08-16 13:30:00;2.109999895095825;2.1500000953674316;2.109999895095825;2.130000114440918;29800
2024-08-19 13:30:00;2.1500000953674316;2.1600000858306885;2.130000114440918;2.1500000953674316;19500
2024-08-20 13:30:00;2.1600000858306885;2.2300000190734863;2.121999979019165;2.2300000190734863;149100
2024-08-21 13:30:00;2.200000047683716;2.200000047683716;2.1500000953674316;2.1700000762939453;41700
2024-08-22 13:30:00;2.190000057220459;2.190000057220459;2.109999895095825;2.140000104904175;16900
2024-08-23 13:30:00;2.130000114440918;2.1600000858306885;2.119999885559082;2.140000104904175;37600
2024-08-26 13:30:00;2.109999895095825;2.1500000953674316;2.109999895095825;2.119999885559082;20000
2024-08-27 13:30:00;2.119999885559082;2.140000104904175;2.0799999237060547;2.119999885559082;17700
2024-08-28 13:30:00;2.0999999046325684;2.180000066757202;2.0899999141693115;2.0899999141693115;27500
2024-08-29 13:30:00;2.0999999046325684;2.0999999046325684;2.0350000858306885;2.049999952316284;64100
2024-08-30 13:30:00;2.069999933242798;2.0820000171661377;2.0350000858306885;2.069999933242798;25400
2024-09-03 13:30:00;2.069999933242798;2.069999933242798;2.0199999809265137;2.049999952316284;32900
2024-09-04 13:30:00;2.0390000343322754;2.059999942779541;2.0250000953674316;2.049999952316284;16700
2024-09-05 13:30:00;2.069999933242798;2.072999954223633;2.0299999713897705;2.069999933242798;16900
2024-09-06 13:30:00;2.0899999141693115;2.0899999141693115;2.0199999809265137;2.069999933242798;43400
2024-09-09 13:30:00;2.049999952316284;2.049999952316284;1.9800000190734863;2.0;50800
2024-09-10 13:30:00;2.0199999809265137;2.0250000953674316;1.9700000286102295;1.9900000095367432;59900
2024-09-11 13:30:00;1.9800000190734863;2.009999990463257;1.940000057220459;1.9900000095367432;39700
2024-09-12 13:30:00;1.9900000095367432;2.0290000438690186;1.9900000095367432;2.009999990463257;10100
2024-09-13 13:30:00;2.0399999618530273;2.069999933242798;2.009999990463257;2.0399999618530273;25600
2024-09-16 13:30:00;2.049999952316284;2.049999952316284;2.0;2.0199999809265137;27500
2024-09-17 13:30:00;2.0;2.0399999618530273;1.940000057220459;1.940000057220459;146200
2024-09-18 13:30:00;1.9700000286102295;2.0399999618530273;1.9700000286102295;2.0299999713897705;55900
2024-09-19 13:30:00;2.049999952316284;2.059999942779541;2.0199999809265137;2.059999942779541;54500
2024-09-20 13:30:00;2.049999952316284;2.069999933242798;2.0399999618530273;2.049999952316284;27500
2024-09-23 13:30:00;2.0299999713897705;2.069999933242798;2.0199999809265137;2.049999952316284;15500
2024-09-24 13:30:00;2.059999942779541;2.0769999027252197;2.0399999618530273;2.069999933242798;20600
2024-09-25 13:30:00;2.059999942779541;2.075000047683716;2.0239999294281006;2.0309998989105225;8500
2024-09-26 13:30:00;2.059999942779541;2.059999942779541;2.009999990463257;2.0199999809265137;16900
2024-09-27 13:30:00;2.0299999713897705;2.0799999237060547;2.0299999713897705;2.069999933242798;16200
2024-09-30 13:30:00;2.0799999237060547;2.0799999237060547;2.009999990463257;2.0299999713897705;22000
2024-10-01 13:30:00;2.0;2.059999942779541;2.0;2.0199999809265137;28200
2024-10-02 13:30:00;2.0199999809265137;2.049999952316284;2.0;2.0199999809265137;28100
2024-10-03 13:30:00;2.0199999809265137;2.049999952316284;2.0199999809265137;2.049999952316284;2500
2024-10-04 13:30:00;2.049999952316284;2.049999952316284;2.0299999713897705;2.0309998989105225;23000
2024-10-07 13:30:00;2.0199999809265137;2.059999942779541;2.0199999809265137;2.0399999618530273;17000
2024-10-08 13:30:00;2.0299999713897705;2.0399999618530273;2.0;2.0399999618530273;41200
2024-10-09 13:30:00;2.0399999618530273;2.049999952316284;2.009999990463257;2.049999952316284;36400
2024-10-10 13:30:00;2.069999933242798;2.069999933242798;2.0;2.049999952316284;11800
2024-10-11 13:30:00;2.0299999713897705;2.0490000247955322;2.0199999809265137;2.0399999618530273;18400
2024-10-14 13:30:00;2.049999952316284;2.049999952316284;2.0399999618530273;2.0450000762939453;6000
2024-10-15 13:30:00;2.0299999713897705;2.049999952316284;2.0299999713897705;2.0450000762939453;5000
2024-10-16 13:30:00;2.0299999713897705;2.049999952316284;2.0290000438690186;2.049999952316284;24800
2024-10-17 13:30:00;2.0299999713897705;2.049999952316284;2.0199999809265137;2.0399999618530273;3000
2024-10-18 13:30:00;2.0399999618530273;2.0999999046325684;2.0199999809265137;2.0899999141693115;31300
2024-10-21 13:30:00;2.069999933242798;2.0999999046325684;2.059999942779541;2.069999933242798;24100
2024-10-22 13:30:00;2.069999933242798;2.0999999046325684;2.059999942779541;2.065000057220459;66000
2024-10-23 13:30:00;2.059999942779541;2.059999942779541;2.0299999713897705;2.0299999713897705;89400
2024-10-24 13:30:00;2.0299999713897705;2.0399999618530273;2.0299999713897705;2.0399999618530273;11000
2024-10-25 13:30:00;2.0399999618530273;2.0739998817443848;2.0299999713897705;2.0299999713897705;52900
2024-10-28 13:30:00;2.059999942779541;2.059999942779541;1.9900000095367432;2.0299999713897705;77500
2024-10-29 13:30:00;2.0199999809265137;2.0250000953674316;1.9850000143051147;2.009999990463257;28100
2024-10-30 13:30:00;2.0199999809265137;2.0199999809265137;1.9700000286102295;1.975000023841858;30700
2024-10-31 13:30:00;1.9800000190734863;1.9900000095367432;1.9600000381469727;1.9700000286102295;29500
2024-11-01 13:30:00;1.9600000381469727;2.049999952316284;1.9600000381469727;2.0;16700
2024-11-04 14:30:00;1.9900000095367432;2.015000104904175;1.9800000190734863;2.009999990463257;46100
2024-11-05 14:30:00;2.0;2.0199999809265137;1.9910000562667847;2.0;14200
2024-11-06 14:30:00;2.0199999809265137;2.0199999809265137;1.9900000095367432;2.0199999809265137;28200
2024-11-07 14:30:00;2.009999990463257;2.0399999618530273;1.9900000095367432;2.009999990463257;19300
2024-11-08 14:30:00;2.0199999809265137;2.0199999809265137;1.9800000190734863;2.0;68900
2024-11-11 14:30:00;2.0199999809265137;2.0199999809265137;1.9900000095367432;2.009999990463257;43300
2024-11-12 14:30:00;1.9900000095367432;2.009999990463257;1.9700000286102295;2.0;43500
2024-11-13 14:30:00;1.9600000381469727;1.9900000095367432;1.9600000381469727;1.9900000095367432;166300
2024-11-14 14:30:00;2.0;2.0799999237060547;2.0;2.0299999713897705;233600
2024-11-15 14:30:00;2.049999952316284;2.0999999046325684;2.0309998989105225;2.0999999046325684;26100
2024-11-18 14:30:00;2.0999999046325684;2.0999999046325684;2.049999952316284;2.0950000286102295;25800
2024-11-19 14:30:00;2.109999895095825;2.109999895095825;2.049999952316284;2.0999999046325684;19900
2024-11-20 14:30:00;2.119999885559082;2.140000104904175;2.109999895095825;2.140000104904175;23200
2024-11-21 14:30:00;2.109999895095825;2.130000114440918;2.109999895095825;2.119999885559082;19600
2024-11-22 14:30:00;2.0999999046325684;2.11899995803833;2.049999952316284;2.069999933242798;22700
2024-11-25 14:30:00;2.0799999237060547;2.134999990463257;2.0799999237060547;2.119999885559082;35800
2024-11-26 14:30:00;2.0999999046325684;2.130000114440918;2.0899999141693115;2.119999885559082;14600
2024-11-27 14:30:00;2.0399999618530273;2.0799999237060547;2.0399999618530273;2.059999942779541;36300
2024-11-29 14:30:00;2.069999933242798;2.119999885559082;2.059999942779541;2.109999895095825;51600
2024-12-02 14:30:00;2.140000104904175;2.1649999618530273;2.0999999046325684;2.1500000953674316;148000
2024-12-03 14:30:00;2.1500000953674316;2.1649999618530273;2.119999885559082;2.1600000858306885;40900
2024-12-04 14:30:00;2.109999895095825;2.196000099182129;2.109999895095825;2.1500000953674316;57300
2024-12-05 14:30:00;2.109999895095825;2.180000066757202;2.109999895095825;2.180000066757202;48800
2024-12-06 14:30:00;2.180000066757202;2.180000066757202;2.109999895095825;2.140000104904175;26700
2024-12-09 14:30:00;2.140000104904175;2.1700000762939453;2.1029999256134033;2.1700000762939453;130000
2024-12-10 14:30:00;2.140000104904175;2.1600000858306885;2.115000009536743;2.140000104904175;54700
2024-12-11 14:30:00;2.130000114440918;2.1700000762939453;2.119999885559082;2.1500000953674316;34300
2024-12-12 14:30:00;2.1700000762939453;2.1700000762939453;2.128000020980835;2.140000104904175;47600
2024-12-13 14:30:00;2.119999885559082;2.140000104904175;2.069999933242798;2.140000104904175;99700
2024-12-16 14:30:00;2.119999885559082;2.131999969482422;2.0799999237060547;2.0799999237060547;60400
2024-12-17 14:30:00;2.0799999237060547;2.119999885559082;2.0799999237060547;2.1050000190734863;30500
2024-12-18 14:30:00;2.109999895095825;2.111999988555908;2.049999952316284;2.052999973297119;82400
2024-12-19 14:30:00;2.0299999713897705;2.062000036239624;1.9700000286102295;2.0299999713897705;81700
2024-12-20 14:30:00;2.0;2.0799999237060547;2.0;2.0399999618530273;49200
2024-12-23 14:30:00;2.069999933242798;2.0799999237060547;2.0299999713897705;2.059999942779541;18300
2024-12-24 14:30:00;2.075000047683716;2.0799999237060547;2.049999952316284;2.0799999237060547;15500
2024-12-26 14:30:00;2.0999999046325684;2.0999999046325684;2.0299999713897705;2.0799999237060547;16400
2024-12-27 14:30:00;2.059999942779541;2.0910000801086426;2.059999942779541;2.069999933242798;22400
2024-12-30 14:30:00;2.0399999618530273;2.049999952316284;2.009999990463257;2.009999990463257;50100
2024-12-31 14:30:00;2.0199999809265137;2.0299999713897705;2.0;2.0299999713897705;46600
2025-01-02 14:30:00;2.0399999618530273;2.109999895095825;2.0299999713897705;2.0899999141693115;47800
2025-01-03 14:30:00;2.0899999141693115;2.130000114440918;2.0799999237060547;2.125;18400
2025-01-06 14:30:00;2.119999885559082;2.178999900817871;2.119999885559082;2.1600000858306885;32000
2025-01-07 14:30:00;2.180000066757202;2.180000066757202;2.130000114440918;2.1700000762939453;80900
2025-01-08 14:30:00;2.1700000762939453;2.1700000762939453;2.140000104904175;2.1500000953674316;36000
2025-01-10 14:30:00;2.119999885559082;2.180000066757202;2.119999885559082;2.180000066757202;90300
2025-01-13 14:30:00;2.1500000953674316;2.190000057220459;2.1500000953674316;2.1600000858306885;121700
2025-01-14 14:30:00;2.1700000762939453;2.234999895095825;2.1700000762939453;2.2149999141693115;71200
2025-01-15 14:30:00;2.25;2.25;2.2149999141693115;2.2300000190734863;45800
2025-01-16 14:30:00;2.25;2.25;2.2100000381469727;2.240000009536743;32600
2025-01-17 14:30:00;2.25;2.2699999809265137;2.2100000381469727;2.25;63700
2025-01-21 14:30:00;2.2100000381469727;2.299999952316284;2.2100000381469727;2.299999952316284;31000
2025-01-22 14:30:00;2.319999933242798;2.3499999046325684;2.2899999618530273;2.3499999046325684;52400
2025-01-23 14:30:00;2.309999942779541;2.369999885559082;2.309999942779541;2.3399999141693115;127800
2025-01-24 14:30:00;2.369999885559082;2.4100000858306885;2.3269999027252197;2.390000104904175;90300
2025-01-27 14:30:00;2.3399999141693115;2.4200000762939453;2.309999942779541;2.4200000762939453;182000
2025-01-28 14:30:00;2.4000000953674316;2.5899999141693115;2.359999895095825;2.5299999713897705;402800
2025-01-29 14:30:00;2.5950000286102295;2.8399999141693115;2.5299999713897705;2.740000009536743;644700
2025-01-30 14:30:00;2.7899999618530273;2.9000000953674316;2.740000009536743;2.9000000953674316;268000
2025-01-31 14:30:00;2.9000000953674316;2.9000000953674316;2.7100000381469727;2.799999952316284;159000
2025-02-03 14:30:00;2.7699999809265137;2.7699999809265137;2.619999885559082;2.619999885559082;234900
2025-02-04 14:30:00;2.6600000858306885;2.7890000343322754;2.640000104904175;2.75;215400
2025-02-05 14:30:00;2.7699999809265137;2.7699999809265137;2.7100000381469727;2.7300000190734863;38900
2025-02-06 14:30:00;2.747999906539917;2.749000072479248;2.6700000762939453;2.7200000286102295;77900
2025-02-07 14:30:00;2.7200000286102295;2.7200000286102295;2.640000104904175;2.690000057220459;70100
2025-02-10 14:30:00;2.7200000286102295;2.809999942779541;2.700000047683716;2.7300000190734863;89700
2025-02-11 14:30:00;2.75;2.8499999046325684;2.7200000286102295;2.8499999046325684;65800
2025-02-12 14:30:00;2.890000104904175;2.8910000324249268;2.809000015258789;2.8399999141693115;79800
2025-02-13 14:30:00;2.809999942779541;2.890000104904175;2.75;2.880000114440918;169000
2025-02-14 14:30:00;2.890000104904175;2.890000104904175;2.819999933242798;2.8299999237060547;82900
2025-02-18 14:30:00;2.809999942779541;3.0;2.809999942779541;3.0;199800
2025-02-19 14:30:00;2.9800000190734863;3.0;2.880000114440918;2.990000009536743;149700
2025-02-20 14:30:00;3.0299999713897705;3.2200000286102295;2.9509999752044678;3.0799999237060547;219100
2025-02-21 14:30:00;3.1700000762939453;3.259999990463257;2.950000047683716;3.0999999046325684;310200
2025-02-24 14:30:00;3.1500000953674316;3.299999952316284;3.115000009536743;3.259999990463257;322500
2025-02-25 14:30:00;3.2799999713897705;3.319999933242798;3.140000104904175;3.1500000953674316;191400
2025-02-26 14:30:00;3.25;3.25;2.990000009536743;3.0799999237060547;187000
2025-02-27 14:30:00;3.059999942779541;3.0759999752044678;2.9800000190734863;3.0299999713897705;72300
2025-02-28 14:30:00;3.0;3.009999990463257;2.799999952316284;2.859999895095825;273300
2025-03-03 14:30:00;2.9000000953674316;2.953000068664551;2.7300000190734863;2.799999952316284;148300
2025-03-04 14:30:00;2.7699999809265137;2.9049999713897705;2.630000114440918;2.890000104904175;333400
2025-03-05 14:30:00;2.940000057220459;3.0799999237060547;2.8310000896453857;3.0299999713897705;208000
2025-03-06 14:30:00;3.0299999713897705;3.0399999618530273;2.9070000648498535;3.0;108000
2025-03-07 14:30:00;3.059999942779541;3.059999942779541;2.930000066757202;2.950000047683716;56300
2025-03-10 13:30:00;2.9100000858306885;3.0799999237060547;2.7699999809265137;2.8399999141693115;209700
2025-03-11 13:30:00;2.9100000858306885;2.940000057220459;2.700000047683716;2.9200000762939453;206900
2025-03-12 13:30:00;2.890000104904175;2.990000009536743;2.890000104904175;2.9200000762939453;71900
2025-03-13 13:30:00;2.880000114440918;2.990000009536743;2.8340001106262207;2.9200000762939453;33200
2025-03-14 13:30:00;2.9200000762939453;3.0299999713897705;2.890000104904175;3.0299999713897705;274200
2025-03-17 13:30:00;3.0;3.0;2.9000000953674316;2.9000000953674316;132500
2025-03-18 13:30:00;2.890000104904175;2.930000066757202;2.8499999046325684;2.890000104904175;80300
2025-03-19 13:30:00;2.869999885559082;2.9200000762939453;2.8299999237060547;2.8299999237060547;62300
2025-03-20 13:30:00;2.7799999713897705;2.8499999046325684;2.7300000190734863;2.7699999809265137;99700
2025-03-21 13:30:00;2.7200000286102295;2.809999942779541;2.6700000762939453;2.700000047683716;197800
2025-03-24 13:30:00;2.700000047683716;2.799999952316284;2.690000057220459;2.7799999713897705;109000
2025-03-25 13:30:00;2.809999942779541;2.812999963760376;2.7200000286102295;2.7699999809265137;55100
2025-03-26 13:30:00;2.819999933242798;2.819999933242798;2.700000047683716;2.75;42700
2025-03-27 13:30:00;2.7100000381469727;2.799999952316284;2.7100000381469727;2.799999952316284;32400
2025-03-28 13:30:00;2.75;2.759999990463257;2.6600000858306885;2.7200000286102295;54200
2025-03-31 13:30:00;2.690000057220459;2.75;2.609999895095825;2.7300000190734863;63000
2025-04-01 13:30:00;2.740000009536743;2.8399999141693115;2.700000047683716;2.7300000190734863;98400
2025-04-02 13:30:00;2.7699999809265137;2.799999952316284;2.7200000286102295;2.740000009536743;47700
2025-04-03 13:30:00;2.7200000286102295;2.744999885559082;2.6700000762939453;2.7100000381469727;85100
2025-04-04 13:30:00;2.630000114440918;2.6449999809265137;2.3499999046325684;2.430000066757202;635900
2025-04-07 13:30:00;2.390000104904175;2.5199999809265137;2.319999933242798;2.319999933242798;126700
2025-04-08 13:30:00;2.4600000381469727;2.549999952316284;2.2899999618530273;2.319999933242798;72500
2025-04-09 13:30:00;2.3399999141693115;2.509999990463257;2.259999990463257;2.484999895095825;221200
2025-04-10 13:30:00;2.4800000190734863;2.4800000190734863;2.25;2.309999942779541;193600
2025-04-11 13:30:00;2.3399999141693115;2.5;2.2799999713897705;2.450000047683716;383900
2025-04-14 13:30:00;2.450000047683716;2.569999933242798;2.450000047683716;2.5;153300
2025-04-15 13:30:00;2.450000047683716;2.5350000858306885;2.450000047683716;2.4700000286102295;108800
2025-04-16 13:30:00;2.4100000858306885;2.7100000381469727;2.4100000858306885;2.6600000858306885;503800
2025-04-17 13:30:00;2.680000066757202;2.7100000381469727;2.6500000953674316;2.6500000953674316;49900
2025-04-21 13:30:00;2.630000114440918;2.7200000286102295;2.559999942779541;2.690000057220459;127200
2025-04-22 13:30:00;2.680000066757202;2.7790000438690186;2.6500000953674316;2.7200000286102295;266300
2025-04-23 13:30:00;2.7300000190734863;2.7300000190734863;2.640000104904175;2.6700000762939453;39500
2025-04-24 13:30:00;2.6600000858306885;2.7799999713897705;2.6600000858306885;2.759999990463257;95600
2025-04-25 13:30:00;2.759999990463257;2.7799999713897705;2.7149999141693115;2.7799999713897705;35000
2025-04-28 13:30:00;2.7899999618530273;2.8299999237060547;2.7100000381469727;2.740000009536743;50100
2025-04-29 13:30:00;2.7799999713897705;2.7799999713897705;2.7100000381469727;2.75;39000
2025-04-30 13:30:00;2.7200000286102295;2.759999990463257;2.6700000762939453;2.6700000762939453;77400
2025-05-01 13:30:00;2.700000047683716;2.7699999809265137;2.6700000762939453;2.6700000762939453;55500
2025-05-02 13:30:00;2.7300000190734863;2.8399999141693115;2.6700000762939453;2.7200000286102295;166600
2025-05-05 13:30:00;2.75;2.819999933242798;2.6700000762939453;2.7200000286102295;103400
2025-05-06 13:30:00;2.6600000858306885;2.73799991607666;2.6600000858306885;2.7100000381469727;22000
2025-05-07 13:30:00;2.740000009536743;2.799999952316284;2.7300000190734863;2.799999952316284;85700
2025-05-08 13:30:00;2.799999952316284;2.880000114440918;2.799999952316284;2.8499999046325684;88200
2025-05-09 13:30:00;2.859999895095825;2.9000000953674316;2.7899999618530273;2.8299999237060547;19200
2025-05-12 13:30:00;2.859999895095825;2.859999895095825;2.809999942779541;2.809999942779541;63600
2025-05-13 13:30:00;2.809999942779541;2.880000114440918;2.7300000190734863;2.799999952316284;159500
2025-05-14 13:30:00;2.809999942779541;2.9260001182556152;2.7799999713897705;2.8399999141693115;51500
2025-05-15 13:30:00;2.819999933242798;2.8889999389648438;2.7799999713897705;2.869999885559082;75400
2025-05-16 13:30:00;2.880000114440918;2.880000114440918;2.7799999713897705;2.8399999141693115;79100
2025-05-19 13:30:00;2.819999933242798;2.8499999046325684;2.690000057220459;2.8499999046325684;198100
2025-05-20 13:30:00;2.819999933242798;2.8499999046325684;2.6700000762939453;2.7699999809265137;153300
2025-05-21 13:30:00;2.7699999809265137;2.7780001163482666;2.609999895095825;2.740000009536743;149700
2025-05-22 13:30:00;2.75;2.759999990463257;2.690000057220459;2.740000009536743;48900
2025-05-23 13:30:00;2.759000062942505;2.819999933242798;2.7249999046325684;2.819999933242798;42500
2025-05-27 13:30:00;2.859999895095825;2.859999895095825;2.7699999809265137;2.8299999237060547;63100
2025-05-28 13:30:00;2.7899999618530273;2.8299999237060547;2.75;2.799999952316284;52700
2025-05-29 13:30:00;2.8299999237060547;2.8499999046325684;2.759999990463257;2.7899999618530273;24700
2025-05-30 13:30:00;2.8299999237060547;2.890000104904175;2.799999952316284;2.8299999237060547;144900
2025-06-02 13:30:00;2.8399999141693115;2.984999895095825;2.802000045776367;2.9700000286102295;178600
2025-06-03 13:30:00;3.0;3.0;2.8570001125335693;2.9200000762939453;149800
2025-06-04 13:30:00;2.9200000762939453;2.940000057220459;2.869999885559082;2.9000000953674316;83800
2025-06-05 13:30:00;2.9000000953674316;2.940000057220459;2.7899999618530273;2.8299999237060547;53800
2025-06-06 13:30:00;2.859999895095825;2.9000000953674316;2.819999933242798;2.9000000953674316;23800
2025-06-09 13:30:00;2.9000000953674316;2.9000000953674316;2.759999990463257;2.759999990463257;86100
2025-06-10 13:30:00;2.759999990463257;2.9200000762939453;2.759999990463257;2.8299999237060547;87700
2025-06-11 13:30:00;2.869999885559082;2.880000114440918;2.7899999618530273;2.819999933242798;48300
2025-06-12 13:30:00;2.7899999618530273;2.819999933242798;2.75;2.809999942779541;44000
2025-06-13 13:30:00;2.740000009536743;2.9100000858306885;2.7200000286102295;2.9100000858306885;400800
2025-06-16 13:30:00;2.990000009536743;3.0;2.8499999046325684;2.8499999046325684;553900
2025-06-17 13:30:00;2.869999885559082;2.930000066757202;2.819999933242798;2.819999933242798;158000
2025-06-18 13:30:00;2.8499999046325684;2.9100000858306885;2.819999933242798;2.819999933242798;129200
2025-06-20 13:30:00;2.859999895095825;2.9200000762939453;2.8399999141693115;2.8399999141693115;141200
2025-06-23 13:30:00;2.819999933242798;2.9000000953674316;2.819999933242798;2.819999933242798;89800
2025-06-24 13:30:00;2.8399999141693115;2.869999885559082;2.799999952316284;2.799999952316284;90200
2025-06-25 13:30:00;2.799999952316284;2.859999895095825;2.799999952316284;2.799999952316284;67500
2025-06-26 13:30:00;2.8299999237060547;2.9000000953674316;2.809999942779541;2.8399999141693115;25300
2025-06-27 13:30:00;2.819999933242798;2.859999895095825;2.809999942779541;2.809999942779541;93100
2025-06-30 13:30:00;2.799999952316284;2.859999895095825;2.799999952316284;2.809999942779541;146800
2025-07-01 13:30:00;2.819999933242798;2.890000104904175;2.809999942779541;2.809999942779541;101800
2025-07-02 13:30:00;2.8399999141693115;2.9000000953674316;2.8299999237060547;2.8499999046325684;148600
2025-07-03 13:30:00;2.8499999046325684;2.9000000953674316;2.8399999141693115;2.890000104904175;18900
2025-07-07 13:30:00;2.880000114440918;2.9100000858306885;2.819999933242798;2.890000104904175;120800
2025-07-08 13:30:00;2.890000104904175;2.890000104904175;2.8399999141693115;2.869999885559082;22900
2025-07-09 13:30:00;2.880000114440918;2.9100000858306885;2.8299999237060547;2.880000114440918;81800
2025-07-10 13:30:00;2.9100000858306885;2.9100000858306885;2.8450000286102295;2.859999895095825;60300
2025-07-11 13:30:00;2.859999895095825;2.930000066757202;2.859999895095825;2.930000066757202;87000
2025-07-14 13:30:00;2.930000066757202;2.930000066757202;2.8299999237060547;2.880000114440918;87700
2025-07-15 13:30:00;2.859999895095825;2.930000066757202;2.809999942779541;2.9100000858306885;132700
2025-07-16 13:30:00;2.880000114440918;2.930000066757202;2.8550000190734863;2.930000066757202;43600
2025-07-17 13:30:00;2.9200000762939453;3.0199999809265137;2.8959999084472656;3.0199999809265137;332000
2025-07-18 13:30:00;3.0399999618530273;3.049999952316284;2.9600000381469727;2.990000009536743;89300
2025-07-21 13:30:00;2.9600000381469727;3.0;2.9210000038146973;3.0;89800
2025-07-22 13:30:00;3.0;3.0;2.880000114440918;2.880000114440918;122900
2025-07-23 13:30:00;2.9000000953674316;2.950000047683716;2.8499999046325684;2.950000047683716;114200
2025-07-24 13:30:00;2.940000057220459;3.0199999809265137;2.8499999046325684;3.0199999809265137;274300
2025-07-25 13:30:00;2.9800000190734863;2.9800000190734863;2.880000114440918;2.9800000190734863;243600
2025-07-28 13:30:00;2.990000009536743;2.990000009536743;2.8399999141693115;2.8399999141693115;94800
2025-07-29 13:30:00;2.8499999046325684;2.9100000858306885;2.8399999141693115;2.9100000858306885;98600
2025-07-30 13:30:00;2.869999885559082;2.9000000953674316;2.799999952316284;2.8499999046325684;214100
2025-07-31 13:30:00;2.8350000381469727;2.8399999141693115;2.809999942779541;2.809999942779541;13500
2025-08-01 13:30:00;2.8399999141693115;2.8399999141693115;2.799999952316284;2.799999952316284;28900
2025-08-04 13:30:00;2.799999952316284;2.880000114440918;2.799999952316284;2.880000114440918;35500
2025-08-05 13:30:00;2.880000114440918;2.880000114440918;2.809999942779541;2.869999885559082;29600
2025-08-06 13:30:00;2.880000114440918;2.930000066757202;2.8499999046325684;2.9000000953674316;73800
2025-08-07 13:30:00;2.930000066757202;2.950000047683716;2.88100004196167;2.950000047683716;30400
2025-08-08 13:30:00;2.9600000381469727;3.0199999809265137;2.890000104904175;3.0199999809265137;196400
2025-08-11 13:30:00;3.009999990463257;3.0799999237060547;2.9800000190734863;3.0199999809265137;237800
2025-08-12 13:30:00;3.059999942779541;3.059999942779541;2.9600000381469727;3.049999952316284;52900
2025-08-13 13:30:00;3.049999952316284;3.1500000953674316;3.0450000762939453;3.1500000953674316;173300
2025-08-14 13:30:00;3.009999990463257;3.180000066757202;3.009999990463257;3.180000066757202;41300
2025-08-15 13:30:00;3.109999895095825;3.193000078201294;3.0899999141693115;3.1600000858306885;30400
2025-08-18 13:30:00;3.190000057220459;3.3299999237060547;3.177999973297119;3.2899999618530273;78300
2025-08-19 13:30:00;3.3499999046325684;3.3499999046325684;3.2200000286102295;3.25;81800
2025-08-20 13:30:00;3.25;3.2899999618530273;3.2200000286102295;3.2899999618530273;35400
2025-08-21 13:30:00;3.259999990463257;3.2990000247955322;3.2300000190734863;3.2699999809265137;25900
2025-08-22 13:30:00;3.2799999713897705;3.319999933242798;3.25;3.299999952316284;43000
2025-08-25 13:30:00;3.2899999618530273;3.2899999618530273;3.252000093460083;3.2699999809265137;16300
2025-08-26 13:30:00;3.25;3.3299999237060547;3.25;3.319999933242798;49200
2025-08-27 13:30:00;3.299999952316284;3.427999973297119;3.2799999713897705;3.380000114440918;99400
2025-08-28 13:30:00;3.359999895095825;3.380000114440918;3.311000108718872;3.359999895095825;15800
2025-08-29 13:30:00;3.319999933242798;3.3499999046325684;3.299999952316284;3.3299999237060547;12800
2025-09-02 13:30:00;3.3499999046325684;3.3499999046325684;3.299999952316284;3.3499999046325684;26100
2025-09-03 13:30:00;3.3399999141693115;3.3459999561309814;3.259999990463257;3.2899999618530273;41300
2025-09-04 13:30:00;3.299999952316284;3.299999952316284;3.240000009536743;3.299999952316284;11500
2025-09-05 13:30:00;3.309999942779541;3.309999942779541;3.242000102996826;3.309999942779541;15600
2025-09-08 13:30:00;3.319999933242798;3.4000000953674316;3.259999990463257;3.4000000953674316;59900
2025-09-09 13:30:00;3.369999885559082;3.440000057220459;3.3299999237060547;3.380000114440918;43900
2025-09-10 13:30:00;3.4000000953674316;3.4100000858306885;3.319999933242798;3.380000114440918;57000
2025-09-11 13:30:00;3.3499999046325684;3.4100000858306885;3.3499999046325684;3.380000114440918;35300
2025-09-12 13:30:00;3.380000114440918;3.4700000286102295;3.3489999771118164;3.4700000286102295;47400
2025-09-15 13:30:00;3.4800000190734863;3.48799991607666;3.2950000762939453;3.3399999141693115;59000
2025-09-16 13:30:00;3.3399999141693115;3.3399999141693115;3.180000066757202;3.25;70200
2025-09-17 13:30:00;3.25;3.25;3.190000057220459;3.2200000286102295;43600
2025-09-18 13:30:00;3.25;3.25;3.190000057220459;3.2300000190734863;46600
2025-09-19 13:30:00;3.25;3.25;3.119999885559082;3.1600000858306885;75500
2025-09-22 13:30:00;3.1500000953674316;3.2899999618530273;3.140000104904175;3.2699999809265137;99500
2025-09-23 13:30:00;3.259999990463257;3.369999885559082;3.259999990463257;3.3299999237060547;61900
2025-09-24 13:30:00;3.299999952316284;3.427000045776367;3.299999952316284;3.390000104904175;56200
2025-09-25 13:30:00;3.4200000762939453;3.4200000762939453;3.2699999809265137;3.3299999237060547;63900
2025-09-26 13:30:00;3.3399999141693115;3.3399999141693115;3.299999952316284;3.319999933242798;27600
2025-09-29 13:30:00;3.3299999237060547;3.3399999141693115;3.2699999809265137;3.2799999713897705;41600
2025-09-30 13:30:00;3.25;3.299999952316284;3.200000047683716;3.299999952316284;73800
2025-10-01 13:30:00;3.2699999809265137;3.3499999046325684;3.2300000190734863;3.2799999713897705;103100
2025-10-02 13:30:00;3.25;3.3499999046325684;3.244999885559082;3.3299999237060547;59100
2025-10-03 13:30:00;3.3499999046325684;3.4800000190734863;3.3299999237060547;3.4800000190734863;124500
2025-10-06 13:30:00;3.5;3.5;3.4000000953674316;3.4200000762939453;53100
2025-10-07 13:30:00;3.380000114440918;3.4749999046325684;3.380000114440918;3.390000104904175;47500
2025-10-08 13:30:00;3.440000057220459;3.509999990463257;3.375;3.4700000286102295;43100
2025-10-09 13:30:00;3.4700000286102295;3.5299999713897705;3.4660000801086426;3.4700000286102295;39300
2025-10-10 13:30:00;3.490000009536743;3.7290000915527344;3.450000047683716;3.640000104904175;634400
2025-10-13 13:30:00;3.6600000858306885;3.690000057220459;3.619999885559082;3.690000057220459;101000
2025-10-14 13:30:00;3.6500000953674316;3.7300000190734863;3.609999895095825;3.7100000381469727;55000
2025-10-15 13:30:00;3.75;3.75;3.6500000953674316;3.7200000286102295;75400
2025-10-16 13:30:00;3.7300000190734863;3.740000009536743;3.630000114440918;3.700000047683716;109900
2025-10-17 13:30:00;3.690000057220459;3.8399999141693115;3.690000057220459;3.8399999141693115;49600
2025-10-20 13:30:00;3.859999895095825;3.9600000381469727;3.690000057220459;3.740000009536743;109000
2025-10-21 13:30:00;3.740000009536743;3.890000104904175;3.690000057220459;3.799999952316284;146100
2025-10-22 13:30:00;3.859999895095825;3.9000000953674316;3.7300000190734863;3.869999885559082;84800
2025-10-23 13:30:00;3.8299999237060547;3.9700000286102295;3.811000108718872;3.9700000286102295;55400
2025-10-24 13:30:00;3.9600000381469727;4.099999904632568;3.9600000381469727;4.079999923706055;57200
2025-10-27 13:30:00;4.139999866485596;4.179999828338623;4.050000190734863;4.170000076293945;281000
2025-10-28 13:30:00;4.179999828338623;4.179999828338623;4.010000228881836;4.050000190734863;122800
2025-10-29 13:30:00;4.059999942779541;4.11899995803833;4.010000228881836;4.070000171661377;75900
2025-10-30 13:30:00;4.090000152587891;4.139999866485596;4.034999847412109;4.139999866485596;143400
2025-10-31 13:30:00;4.139999866485596;4.249000072479248;4.070000171661377;4.21999979019165;258300
2025-11-03 14:30:00;4.309999942779541;4.309999942779541;4.170000076293945;4.230000019073486;83800
2025-11-04 14:30:00;4.239999771118164;4.260000228881836;4.010000228881836;4.199999809265137;100300
2025-11-05 14:30:00;4.260000228881836;4.300000190734863;4.164999961853027;4.210000038146973;144200
2025-11-06 14:30:00;4.260000228881836;4.349999904632568;4.159999847412109;4.300000190734863;88200
2025-11-07 14:30:00;4.349999904632568;4.369999885559082;4.254000186920166;4.28000020980835;67200
2025-11-10 14:30:00;4.369999885559082;4.400000095367432;4.300000190734863;4.349999904632568;148500
2025-11-11 14:30:00;4.400000095367432;4.5;4.340000152587891;4.380000114440918;145600
2025-11-12 14:30:00;4.429999828338623;4.480000019073486;4.329999923706055;4.349999904632568;223100
2025-11-13 14:30:00;4.389999866485596;4.449999809265137;4.199999809265137;4.210000038146973;231100
2025-11-14 14:30:00;4.190000057220459;4.289999961853027;4.019999980926514;4.199999809265137;213100
2025-11-17 14:30:00;4.25;4.269999980926514;4.099999904632568;4.110000133514404;51200
2025-11-18 14:30:00;4.070000171661377;4.150000095367432;4.019999980926514;4.119999885559082;67500
2025-11-19 14:30:00;4.09499979019165;4.199999809265137;4.074999809265137;4.130000114440918;77200
2025-11-20 14:30:00;4.179999828338623;4.179999828338623;3.890000104904175;3.9600000381469727;69700
2025-11-21 14:30:00;3.930000066757202;4.045000076293945;3.869999885559082;3.990000009536743;72900
2025-11-24 14:30:00;3.990000009536743;4.110000133514404;3.9600000381469727;3.9800000190734863;62600
2025-11-25 14:30:00;4.03000020980835;4.159999847412109;4.019999980926514;4.090000152587891;113300
2025-11-26 14:30:00;4.099999904632568;4.255000114440918;4.071000099182129;4.159999847412109;74600
2025-11-28 14:30:00;4.190000057220459;4.245999813079834;4.150000095367432;4.170000076293945;74900
2025-12-01 14:30:00;4.199999809265137;4.199999809265137;4.050000190734863;4.130000114440918;167400
2025-12-02 14:30:00;4.179999828338623;4.300000190734863;4.150000095367432;4.239999771118164;153700
2025-12-03 14:30:00;4.260000228881836;4.26200008392334;4.150000095367432;4.190000057220459;20900
2025-12-04 14:30:00;4.21999979019165;4.28000020980835;4.139999866485596;4.210000038146973;152500
2025-12-05 14:30:00;4.150000095367432;4.190000057220459;4.066999912261963;4.150000095367432;147200
2025-12-08 14:30:00;4.150000095367432;4.289999961853027;4.0970001220703125;4.239999771118164;40600
2025-12-09 14:30:00;4.269999980926514;4.289999961853027;4.15500020980835;4.210000038146973;67400
2025-12-10 14:30:00;4.230000019073486;4.230000019073486;4.130000114440918;4.21999979019165;46100
2025-12-11 14:30:00;4.21999979019165;4.239999771118164;4.130000114440918;4.159999847412109;43700
2025-12-12 14:30:00;4.159999847412109;4.159999847412109;4.090000152587891;4.119999885559082;38000
2025-12-15 14:30:00;4.139999866485596;4.139999866485596;4.050000190734863;4.130000114440918;74000
2025-12-16 14:30:00;4.099999904632568;4.119999885559082;4.010000228881836;4.070000171661377;110700
2025-12-17 14:30:00;4.010000228881836;4.090000152587891;4.0;4.050000190734863;90900
2025-12-18 14:30:00;4.070000171661377;4.099999904632568;4.019999980926514;4.070000171661377;67300
2025-12-19 14:30:00;4.090000152587891;4.110000133514404;4.039999961853027;4.099999904632568;102800
2025-12-22 14:30:00;4.059999942779541;4.159999847412109;4.059999942779541;4.119999885559082;28300
2025-12-23 14:30:00;4.099999904632568;4.170000076293945;4.099999904632568;4.139999866485596;26100
2025-12-24 14:30:00;4.199999809265137;4.269999980926514;4.179999828338623;4.269999980926514;43000
2025-12-26 14:30:00;4.239999771118164;4.260000228881836;4.150000095367432;4.230000019073486;43700
2025-12-29 14:30:00;4.239999771118164;4.260000228881836;4.139999866485596;4.260000228881836;41800
2025-12-30 14:30:00;4.239999771118164;4.239999771118164;4.059999942779541;4.079999923706055;229900
2025-12-31 14:30:00;4.050000190734863;4.070000171661377;4.0;4.050000190734863;153900
2026-01-02 14:30:00;4.050000190734863;4.079999923706055;4.010000228881836;4.039999961853027;122600
2026-01-05 14:30:00;4.070000171661377;4.164999961853027;4.0;4.090000152587891;261900
2026-01-06 14:30:00;4.059999942779541;4.158999919891357;4.010000228881836;4.079999923706055;111700
2026-01-07 14:30:00;4.059999942779541;4.135000228881836;4.050000190734863;4.050000190734863;37700
2026-01-08 14:30:00;4.050000190734863;4.150000095367432;4.050000190734863;4.139999866485596;61200
2026-01-09 14:30:00;4.150000095367432;4.197999954223633;4.139999866485596;4.170000076293945;87700
2026-01-12 14:30:00;4.179999828338623;4.224999904632568;4.159999847412109;4.190000057220459;34900
2026-01-13 14:30:00;4.170000076293945;4.269999980926514;4.110000133514404;4.269999980926514;116900
2026-01-14 14:30:00;4.21999979019165;4.320000171661377;4.199999809265137;4.28000020980835;100900
2026-01-15 14:30:00;4.28000020980835;4.309999942779541;4.230000019073486;4.28000020980835;37700
2026-01-16 14:30:00;4.300000190734863;4.380000114440918;4.230000019073486;4.329999923706055;45500
2026-01-20 14:30:00;4.289999961853027;4.519999980926514;4.289999961853027;4.519999980926514;203000
2026-01-21 14:30:00;4.550000190734863;4.730000019073486;4.539999961853027;4.730000019073486;172300
2026-01-22 14:30:00;4.690000057220459;4.75;4.579999923706055;4.690000057220459;146300
2026-01-23 14:30:00;4.690000057220459;4.739999771118164;4.610000133514404;4.679999828338623;94500
2026-01-26 14:30:00;4.71999979019165;5.03000020980835;4.690000057220459;5.03000020980835;555100
2026-01-27 14:30:00;5.079999923706055;5.28000020980835;5.03000020980835;5.269999980926514;304200
2026-01-28 14:30:00;5.21999979019165;5.269999980926514;5.010000228881836;5.039999961853027;292700
2026-01-29 14:30:00;5.130000114440918;5.190000057220459;5.010000228881836;5.110000133514404;133300
2026-01-30 14:30:00;5.099999904632568;5.110000133514404;4.800000190734863;4.809999942779541;112000
2026-02-02 14:30:00;4.800000190734863;4.960000038146973;4.699999809265137;4.860000133514404;115400
2026-02-03 14:30:00;4.860000133514404;4.940000057220459;4.826000213623047;4.880000114440918;81800
2026-02-04 14:30:00;4.78000020980835;4.900000095367432;4.559999942779541;4.690000057220459;136200
2026-02-05 14:30:00;4.679999828338623;4.789999961853027;4.429999828338623;4.5;281500
2026-02-06 14:30:00;4.550000190734863;4.630000114440918;4.460000038146973;4.579999923706055;187300
2026-02-09 14:30:00;4.679999828338623;4.800000190734863;4.489999771118164;4.570000171661377;331800
2026-02-10 14:30:00;4.579999923706055;4.59499979019165;4.409999847412109;4.460000038146973;119500
2026-02-11 14:30:00;4.5;4.650000095367432;4.485000133514404;4.53000020980835;227300
2026-02-12 14:30:00;4.53000020980835;4.650000095367432;4.380000114440918;4.380000114440918;111200
2026-02-13 14:30:00;4.340000152587891;4.53000020980835;4.304999828338623;4.429999828338623;99300
2026-02-17 14:30:00;4.400000095367432;4.510000228881836;4.380000114440918;4.429999828338623;66400
2026-02-18 14:30:00;4.489999771118164;4.489999771118164;4.289999961853027;4.309999942779541;75800
2026-02-19 14:30:00;4.28000020980835;4.429999828338623;4.25;4.409999847412109;76300
2026-02-20 14:30:00;4.389999866485596;4.5;4.360000133514404;4.489999771118164;57700
2026-02-23 14:30:00;4.489999771118164;4.5929999351501465;4.400000095367432;4.460000038146973;49000
2026-02-24 14:30:00;4.480000019073486;4.480000019073486;4.329999923706055;4.400000095367432;179200
2026-02-25 14:30:00;4.409999847412109;4.449999809265137;4.300000190734863;4.380000114440918;77300
2026-02-26 14:30:00;4.400000095367432;4.400000095367432;4.130000114440918;4.239999771118164;348000
2026-02-27 14:30:00;4.21999979019165;4.21999979019165;4.039999961853027;4.090000152587891;193700
2026-03-02 14:30:00;3.8499999046325684;3.950000047683716;3.7100000381469727;3.7799999713897705;578100
2026-03-03 14:30:00;3.690000057220459;3.691999912261963;3.3499999046325684;3.549999952316284;374100
2026-03-04 14:30:00;3.559999942779541;4.289999961853027;3.559999942779541;4.210000038146973;1101100
2026-03-05 14:30:00;4.119999885559082;4.190000057220459;3.819999933242798;3.9600000381469727;331200
2026-03-06 14:30:00;3.880000114440918;3.950000047683716;3.7300000190734863;3.759999990463257;261900
2026-03-09 13:30:00;3.7300000190734863;3.98799991607666;3.7100000381469727;3.930000066757202;166200
2026-03-10 13:30:00;3.9800000190734863;4.130000114440918;3.9000000953674316;4.079999923706055;182400
2026-03-11 20:00:02;4.03000020980835;4.170000076293945;4.010000228881836;4.130000114440918;50268
